"Symbol  ","Series  ","Date  ","Prev Close  ","Open Price  ","High Price  ","Low Price  ","Last Price  ","Close Price  ","Average Price ","Total Traded Quantity  ","Turnover ₹  ","No. of Trades  ","Deliverable Qty  ","% Dly Qt to Traded Qty  "
"NIFTYBEES","EQ","01-Feb-2025","263.00","261.01","264.70","261.00","262.35","262.13","262.76","90,97,872","2,39,05,45,631.77","56,724","36,71,504","40.36"
"NIFTYBEES","EQ","03-Feb-2025","262.13","261.65","261.65","260.00","261.50","261.47","260.83","40,23,172","1,04,93,46,697.24","68,316","24,35,682","60.54"
"NIFTYBEES","EQ","04-Feb-2025","261.47","263.00","265.22","261.49","265.20","265.05","263.35","73,92,693","1,94,68,91,386.00","43,964","41,49,695","56.13"
"NIFTYBEES","EQ","05-Feb-2025","265.05","265.95","265.95","265.00","265.20","265.25","265.47","34,46,888","91,50,52,022.97","43,715","22,42,028","65.04"
"NIFTYBEES","EQ","06-Feb-2025","265.25","265.20","267.99","263.85","264.58","264.37","264.39","32,91,441","87,02,40,521.95","38,382","18,66,753","56.72"
"NIFTYBEES","EQ","07-Feb-2025","264.37","265.50","265.50","262.60","263.85","263.75","264.04","45,65,941","1,20,56,07,209.06","44,293","21,18,844","46.41"
"NIFTYBEES","EQ","10-Feb-2025","263.75","265.99","265.99","261.20","262.10","261.90","262.04","62,25,361","1,63,12,99,140.04","68,728","44,95,046","72.21"
"NIFTYBEES","EQ","11-Feb-2025","261.90","262.99","262.99","257.52","258.80","258.55","259.54","93,21,702","2,41,93,86,892.51","78,309","59,34,827","63.67"
"NIFTYBEES","EQ","12-Feb-2025","258.55","259.75","259.75","255.60","258.57","258.27","257.55","79,29,756","2,04,23,24,189.48","69,170","49,15,833","61.99"
"NIFTYBEES","EQ","13-Feb-2025","258.27","259.99","260.49","257.73","258.15","258.17","259.23","50,78,676","1,31,65,63,634.03","40,426","33,41,218","65.79"
"NIFTYBEES","EQ","14-Feb-2025","258.17","259.99","259.99","255.35","256.91","256.95","256.68","71,11,034","1,82,52,80,622.55","76,657","46,75,430","65.75"
"NIFTYBEES","EQ","17-Feb-2025","256.95","257.95","257.95","255.01","257.33","257.11","256.24","73,79,260","1,89,08,90,913.41","71,041","40,09,162","54.33"
"NIFTYBEES","EQ","18-Feb-2025","257.11","256.28","257.70","255.40","256.75","256.84","256.36","39,17,336","1,00,42,37,351.45","45,474","20,01,780","51.10"
"NIFTYBEES","EQ","19-Feb-2025","256.84","257.99","258.44","255.62","257.00","256.89","257.17","51,89,115","1,33,44,73,763.39","39,949","29,89,180","57.60"
"NIFTYBEES","EQ","20-Feb-2025","256.89","257.99","257.99","255.75","256.89","256.85","256.62","40,75,280","1,04,57,81,522.25","34,757","28,73,020","70.50"
"NIFTYBEES","EQ","21-Feb-2025","256.85","257.99","257.99","254.80","255.35","255.53","255.52","62,88,816","1,60,69,31,533.69","68,563","42,46,951","67.53"
"NIFTYBEES","EQ","24-Feb-2025","255.53","255.20","255.20","252.50","252.89","252.87","253.15","92,01,091","2,32,92,79,598.11","1,17,245","72,15,123","78.42"
"NIFTYBEES","EQ","25-Feb-2025","252.87","252.98","253.58","252.31","252.75","252.75","252.98","35,49,369","89,79,15,575.66","40,346","19,53,448","55.04"
"NIFTYBEES","EQ","27-Feb-2025","252.75","253.80","253.80","252.06","252.58","252.56","252.57","35,67,646","90,10,85,858.29","44,268","24,80,601","69.53"
"NIFTYBEES","EQ","28-Feb-2025","252.56","252.95","252.95","248.08","249.13","248.45","249.17","1,96,32,154","4,89,16,59,432.71","1,59,877","1,71,78,576","87.50"
"NIFTYBEES","EQ","03-Mar-2025","248.45","255.90","255.90","246.64","248.33","248.05","247.83","83,03,131","2,05,77,81,222.40","1,11,826","61,90,369","74.55"
"NIFTYBEES","EQ","04-Mar-2025","248.05","247.74","247.78","246.08","247.49","247.49","247.33","70,23,813","1,73,71,68,235.91","56,918","57,67,581","82.11"
"NIFTYBEES","EQ","05-Mar-2025","247.49","248.70","251.00","246.30","251.00","250.48","249.64","70,30,334","1,75,50,42,141.01","55,335","50,85,444","72.34"
"NIFTYBEES","EQ","06-Mar-2025","250.48","252.90","252.90","249.43","252.68","252.75","251.31","74,79,954","1,87,97,61,286.59","47,810","47,59,526","63.63"
"NIFTYBEES","EQ","07-Mar-2025","252.75","252.70","253.74","251.70","252.99","252.84","252.91","42,41,305","1,07,26,63,861.82","42,288","21,67,035","51.09"
"NIFTYBEES","EQ","10-Mar-2025","252.84","252.00","254.95","251.40","251.68","251.75","252.96","54,08,616","1,36,81,45,073.85","61,920","27,57,164","50.98"
"NIFTYBEES","EQ","11-Mar-2025","251.75","251.99","252.40","249.91","252.30","252.08","251.34","44,74,243","1,12,45,38,166.47","37,033","24,56,824","54.91"
"NIFTYBEES","EQ","12-Mar-2025","252.08","253.99","253.99","250.35","251.65","251.74","251.45","38,51,048","96,83,49,703.61","44,180","20,14,658","52.31"
"NIFTYBEES","EQ","13-Mar-2025","251.74","252.90","252.90","250.80","251.10","251.06","251.77","31,61,426","79,59,36,507.84","34,328","19,43,687","61.48"
"NIFTYBEES","EQ","17-Mar-2025","251.06","251.06","253.00","250.10","252.25","252.18","252.15","38,72,869","97,65,40,699.26","51,763","17,54,047","45.29"
"NIFTYBEES","EQ","18-Mar-2025","252.18","254.89","256.00","252.66","255.62","255.82","254.87","71,34,763","1,81,84,20,393.25","41,666","43,92,514","61.56"
"NIFTYBEES","EQ","19-Mar-2025","255.82","256.80","256.94","255.48","256.79","256.70","256.54","38,69,286","99,26,11,255.72","31,868","22,75,863","58.82"
"NIFTYBEES","EQ","20-Mar-2025","256.70","258.99","259.60","256.70","259.30","259.32","258.44","82,19,907","2,12,43,39,184.55","44,346","48,86,384","59.45"
"NIFTYBEES","EQ","21-Mar-2025","259.32","260.00","261.59","258.58","261.27","261.09","260.81","92,49,804","2,41,24,38,443.65","45,808","57,83,308","62.52"
"NIFTYBEES","EQ","24-Mar-2025","261.09","261.62","265.31","261.01","265.19","264.90","263.85","93,10,805","2,45,66,61,532.05","60,287","61,01,146","65.53"
"NIFTYBEES","EQ","25-Mar-2025","264.90","266.50","266.82","256.95","264.40","264.73","265.37","1,29,09,271","3,42,57,58,579.17","47,780","90,64,093","70.21"
"NIFTYBEES","EQ","26-Mar-2025","264.73","264.10","265.50","262.52","262.91","262.90","263.92","52,58,667","1,38,78,47,784.98","40,326","32,77,031","62.32"
"NIFTYBEES","EQ","27-Mar-2025","262.90","263.28","264.27","262.10","263.91","263.73","263.69","38,74,025","1,02,15,42,170.45","32,761","25,68,036","66.29"
"NIFTYBEES","EQ","28-Mar-2025","263.73","263.53","264.48","262.51","263.15","263.21","263.33","86,41,606","2,27,55,86,346.73","41,855","61,38,511","71.03"
"NIFTYBEES","EQ","01-Apr-2025","263.21","262.38","263.67","259.38","259.68","259.60","260.65","1,26,29,562","3,29,18,69,473.92","91,053","77,93,718","61.71"
"NIFTYBEES","EQ","02-Apr-2025","259.60","260.70","261.85","259.11","261.60","261.64","261.01","95,09,451","2,48,20,38,028.41","47,021","79,33,541","83.43"
"NIFTYBEES","EQ","03-Apr-2025","261.64","260.90","261.10","259.03","261.02","260.46","260.55","61,86,200","1,61,18,16,126.71","45,317","37,86,347","61.21"
"NIFTYBEES","EQ","04-Apr-2025","260.46","260.48","260.58","256.48","258.00","257.16","257.45","92,33,464","2,37,71,91,505.53","81,570","72,49,281","78.51"
"NIFTYBEES","EQ","07-Apr-2025","257.16","264.85","264.85","231.30","249.80","249.10","247.52","3,46,54,934","8,57,76,46,698.80","3,20,667","2,52,38,828","72.83"
"NIFTYBEES","EQ","08-Apr-2025","249.10","256.55","256.55","249.76","253.00","252.72","252.24","98,60,513","2,48,71,79,246.41","73,920","57,69,608","58.51"
"NIFTYBEES","EQ","09-Apr-2025","252.72","251.72","252.68","250.62","251.45","251.03","251.16","71,44,236","1,79,43,61,533.84","53,690","51,68,003","72.34"
"NIFTYBEES","EQ","11-Apr-2025","251.03","255.99","256.90","251.23","256.28","255.97","255.82","1,08,02,170","2,76,33,62,006.48","62,826","67,20,390","62.21"
"NIFTYBEES","EQ","15-Apr-2025","255.97","260.00","262.88","258.30","261.35","260.87","260.80","64,45,385","1,68,09,71,467.03","65,516","39,69,963","61.59"
"NIFTYBEES","EQ","16-Apr-2025","260.87","263.99","263.99","260.03","262.10","261.91","261.04","83,12,168","2,16,98,38,521.22","38,763","59,57,021","71.67"
"NIFTYBEES","EQ","17-Apr-2025","261.91","262.94","266.79","260.60","266.36","266.54","264.66","98,18,354","2,59,85,08,468.19","45,468","69,09,715","70.38"
"NIFTYBEES","EQ","21-Apr-2025","266.54","265.30","270.48","265.01","269.70","269.70","269.38","1,00,57,258","2,70,92,71,579.76","84,985","72,91,551","72.50"
"NIFTYBEES","EQ","22-Apr-2025","269.70","270.11","270.95","269.00","270.00","270.05","270.24","61,82,402","1,67,07,07,984.00","38,422","41,57,441","67.25"
"NIFTYBEES","EQ","23-Apr-2025","270.05","272.89","272.89","269.50","271.80","271.82","271.30","95,02,368","2,57,80,13,064.32","40,588","55,43,008","58.33"
"NIFTYBEES","EQ","24-Apr-2025","271.82","271.78","272.09","270.68","270.90","270.95","271.23","50,49,194","1,36,94,82,157.50","38,797","34,84,863","69.02"
"NIFTYBEES","EQ","25-Apr-2025","270.95","271.85","272.30","266.71","268.19","268.63","268.94","86,30,692","2,32,11,71,485.58","60,009","49,12,950","56.92"
"NIFTYBEES","EQ","28-Apr-2025","268.63","269.89","272.30","268.00","271.91","271.90","271.11","76,76,436","2,08,11,92,511.57","52,628","57,99,770","75.55"
"NIFTYBEES","EQ","29-Apr-2025","271.90","273.89","273.89","270.90","271.78","271.91","272.18","1,21,94,908","3,31,92,06,108.94","28,956","91,85,830","75.33"
"NIFTYBEES","EQ","30-Apr-2025","271.91","277.09","277.09","271.03","271.33","271.99","271.97","61,33,729","1,66,82,18,843.79","43,118","46,48,438","75.78"
"NIFTYBEES","EQ","02-May-2025","271.99","274.00","275.12","270.88","272.10","272.05","272.86","1,09,48,874","2,98,75,01,610.62","75,106","53,53,986","48.90"
"NIFTYBEES","EQ","05-May-2025","272.05","272.05","274.55","271.31","274.20","274.39","274.04","1,32,20,110","3,62,28,80,805.44","67,975","99,31,224","75.12"
"NIFTYBEES","EQ","06-May-2025","274.39","274.90","274.90","272.17","272.20","272.60","273.11","44,17,654","1,20,64,93,550.00","61,448","31,98,685","72.41"
"NIFTYBEES","EQ","07-May-2025","272.60","271.90","273.59","269.39","272.90","272.79","272.57","70,15,340","1,91,21,66,955.70","45,383","39,75,245","56.67"
"NIFTYBEES","EQ","08-May-2025","272.79","273.70","273.70","270.00","270.27","271.04","271.88","63,01,204","1,71,31,67,716.97","34,604","40,68,572","64.57"
"NIFTYBEES","EQ","09-May-2025","271.04","269.50","270.09","266.16","268.75","268.49","268.73","77,25,810","2,07,61,78,629.03","77,366","44,29,057","57.33"
"NIFTYBEES","EQ","12-May-2025","268.49","272.49","279.49","270.89","279.10","278.94","276.89","96,55,176","2,67,34,27,580.39","71,749","56,32,194","58.33"
"NIFTYBEES","EQ","13-May-2025","278.94","278.75","281.25","275.30","275.81","275.65","276.47","95,87,074","2,65,05,66,158.13","58,422","66,18,554","69.04"
"NIFTYBEES","EQ","14-May-2025","275.65","276.90","277.27","274.70","276.80","276.57","276.27","54,42,213","1,50,35,21,965.69","39,669","34,64,457","63.66"
"NIFTYBEES","EQ","15-May-2025","276.57","276.90","280.76","274.70","279.34","280.17","278.08","1,13,53,337","3,15,71,80,328.75","60,299","50,93,336","44.86"
"NIFTYBEES","EQ","16-May-2025","280.17","280.99","280.99","278.38","280.20","280.21","280.10","44,85,107","1,25,62,61,404.06","44,531","27,08,503","60.39"
"NIFTYBEES","EQ","19-May-2025","280.21","280.05","281.34","279.00","279.78","279.21","279.93","42,89,298","1,20,06,95,001.37","52,998","28,15,683","65.64"
"NIFTYBEES","EQ","20-May-2025","279.21","280.89","280.89","276.62","277.01","276.89","278.10","56,83,232","1,58,04,93,972.81","58,217","39,74,759","69.94"
"NIFTYBEES","EQ","21-May-2025","276.89","276.89","279.14","276.40","277.50","277.55","277.73","45,84,056","1,27,31,43,065.57","36,668","21,18,241","46.21"
"NIFTYBEES","EQ","22-May-2025","277.55","277.90","277.90","274.37","276.22","275.91","275.41","91,01,780","2,50,67,17,946.19","66,056","57,77,792","63.48"
"NIFTYBEES","EQ","23-May-2025","275.91","282.00","284.19","274.98","278.40","278.37","277.94","54,80,146","1,52,31,31,505.94","33,318","32,52,990","59.36"
"NIFTYBEES","EQ","26-May-2025","278.37","276.51","280.95","276.51","279.70","279.89","279.94","80,40,183","2,25,07,96,648.16","55,023","57,38,839","71.38"
"NIFTYBEES","EQ","27-May-2025","279.89","279.89","280.89","276.90","278.30","278.25","278.35","1,02,51,014","2,85,33,26,173.16","72,684","40,62,211","39.63"
"NIFTYBEES","EQ","28-May-2025","278.25","278.00","279.99","277.12","277.75","277.69","277.73","49,66,659","1,37,93,91,939.29","38,301","32,55,112","65.54"
"NIFTYBEES","EQ","29-May-2025","277.69","278.78","279.09","277.02","279.04","278.54","278.09","46,32,027","1,28,81,18,816.64","32,609","20,44,278","44.13"
"NIFTYBEES","EQ","30-May-2025","278.54","279.89","279.89","277.71","278.00","277.97","278.30","35,21,102","97,99,11,157.92","35,179","16,81,256","47.75"
"NIFTYBEES","EQ","02-Jun-2025","277.97","276.00","278.38","275.00","277.52","277.60","276.68","57,33,152","1,58,62,43,277.85","77,354","30,95,402","53.99"
"NIFTYBEES","EQ","03-Jun-2025","277.60","278.00","278.60","275.41","275.75","275.77","276.51","75,75,648","2,09,47,66,030.83","69,906","39,70,357","52.41"
"NIFTYBEES","EQ","04-Jun-2025","275.77","276.50","276.89","275.15","276.58","276.46","276.31","27,85,742","76,97,39,743.20","31,476","18,22,256","65.41"
"NIFTYBEES","EQ","05-Jun-2025","276.46","277.90","279.34","276.37","277.97","278.05","277.95","72,73,297","2,02,16,42,478.35","41,518","38,96,358","53.57"
"NIFTYBEES","EQ","06-Jun-2025","278.05","278.90","280.85","277.00","280.45","280.50","279.52","1,19,45,116","3,33,89,36,515.11","50,831","86,73,498","72.61"
"NIFTYBEES","EQ","09-Jun-2025","280.50","281.05","282.89","281.05","281.35","281.35","281.49","42,88,088","1,20,70,65,386.23","53,535","28,95,191","67.52"
"NIFTYBEES","EQ","10-Jun-2025","281.35","282.20","282.80","281.00","281.25","281.39","281.67","45,57,302","1,28,36,65,665.82","41,524","29,63,404","65.03"
"NIFTYBEES","EQ","11-Jun-2025","281.39","281.75","282.80","280.50","281.76","281.87","282.15","52,46,351","1,48,02,56,385.59","35,002","29,27,182","55.79"
"NIFTYBEES","EQ","12-Jun-2025","281.87","282.00","282.75","278.43","278.90","278.95","279.78","76,46,410","2,13,92,82,873.52","63,407","43,77,840","57.25"
"NIFTYBEES","EQ","13-Jun-2025","278.95","276.00","277.50","274.08","277.28","277.10","276.57","64,91,577","1,79,53,80,228.69","67,544","39,26,425","60.48"
"NIFTYBEES","EQ","16-Jun-2025","277.10","279.39","279.97","276.01","279.50","279.70","278.69","52,87,546","1,47,36,05,181.99","53,899","26,32,218","49.78"
"NIFTYBEES","EQ","17-Jun-2025","279.70","281.49","281.49","278.21","278.55","278.59","278.74","71,13,968","1,98,29,73,476.62","39,523","55,19,911","77.59"
"NIFTYBEES","EQ","18-Jun-2025","278.59","279.89","279.89","277.38","278.32","278.24","278.55","32,00,952","89,16,25,934.89","28,557","18,12,183","56.61"
"NIFTYBEES","EQ","19-Jun-2025","278.24","278.50","279.89","271.28","277.82","277.91","278.14","43,30,677","1,20,45,40,640.80","31,327","28,62,624","66.10"
"NIFTYBEES","EQ","20-Jun-2025","277.91","276.51","281.80","276.49","281.50","281.50","280.67","1,13,99,466","3,19,94,88,472.82","38,308","80,66,858","70.77"
"NIFTYBEES","EQ","23-Jun-2025","281.50","280.90","281.53","278.50","280.95","280.86","280.18","89,63,571","2,51,14,33,605.49","56,958","51,08,706","56.99"
"NIFTYBEES","EQ","24-Jun-2025","280.86","283.90","284.24","281.17","281.78","281.43","282.79","1,02,19,161","2,88,98,55,438.99","47,105","45,19,459","44.23"
"NIFTYBEES","EQ","25-Jun-2025","281.43","282.00","283.78","281.71","283.40","283.41","283.13","33,46,093","94,73,71,764.92","34,446","18,36,535","54.89"
"NIFTYBEES","EQ","26-Jun-2025","283.41","283.40","286.58","282.11","286.40","286.39","285.28","1,02,12,702","2,91,34,55,285.35","47,378","75,50,747","73.93"
"NIFTYBEES","EQ","27-Jun-2025","286.39","287.00","288.28","286.44","288.00","287.96","287.62","51,39,824","1,47,83,00,609.64","36,396","30,63,833","59.61"
"NIFTYBEES","EQ","30-Jun-2025","287.96","287.80","289.39","286.11","286.50","286.51","287.12","79,28,260","2,27,63,91,747.52","65,020","46,07,549","58.12"
"NIFTYBEES","EQ","01-Jul-2025","286.51","287.88","287.89","286.31","286.89","286.84","286.90","53,55,172","1,53,64,22,713.73","43,275","41,18,233","76.90"
"NIFTYBEES","EQ","02-Jul-2025","286.84","287.89","287.89","285.20","285.89","285.78","286.22","56,69,639","1,62,27,59,615.66","46,004","38,08,210","67.17"
"NIFTYBEES","EQ","03-Jul-2025","285.78","286.89","287.26","285.16","285.78","285.39","286.42","98,06,621","2,80,88,51,232.64","37,704","67,85,210","69.19"
"NIFTYBEES","EQ","04-Jul-2025","285.39","287.89","287.89","283.01","286.45","286.11","285.52","44,68,132","1,27,57,59,680.38","72,948","29,65,938","66.38"
"NIFTYBEES","EQ","07-Jul-2025","286.11","287.79","287.79","284.01","286.22","286.07","286.05","51,91,711","1,48,50,88,187.65","61,133","34,19,805","65.87"
"NIFTYBEES","EQ","08-Jul-2025","286.07","285.90","287.19","285.30","287.16","286.91","286.42","27,20,142","77,90,98,677.13","33,979","15,55,871","57.20"
"NIFTYBEES","EQ","09-Jul-2025","286.91","286.11","287.69","286.00","286.45","286.50","286.80","20,84,278","59,77,62,892.43","34,600","11,72,177","56.24"
"NIFTYBEES","EQ","10-Jul-2025","286.50","285.30","287.69","285.00","285.32","285.16","285.49","45,43,938","1,29,72,41,436.31","53,618","30,51,899","67.16"
"NIFTYBEES","EQ","11-Jul-2025","285.16","285.39","285.39","282.50","283.30","283.11","283.65","53,35,789","1,51,34,93,471.56","65,841","40,86,707","76.59"
"NIFTYBEES","EQ","14-Jul-2025","283.11","284.39","284.39","281.69","282.90","282.71","282.35","38,84,074","1,09,66,83,657.64","56,549","27,60,310","71.07"
"NIFTYBEES","EQ","15-Jul-2025","282.71","283.49","284.38","282.10","284.00","283.69","283.56","55,81,909","1,58,28,07,332.49","36,546","36,17,638","64.81"
"NIFTYBEES","EQ","16-Jul-2025","283.69","283.80","284.39","282.80","283.65","283.64","283.38","30,91,019","87,59,44,894.19","30,870","15,99,041","51.73"
"NIFTYBEES","EQ","17-Jul-2025","283.64","284.99","284.99","282.61","282.94","282.83","283.30","38,32,375","1,08,57,25,235.19","32,505","23,02,832","60.09"
"NIFTYBEES","EQ","18-Jul-2025","282.83","283.50","283.69","281.00","281.66","281.43","281.59","44,85,164","1,26,29,63,801.14","59,105","31,04,293","69.21"
"NIFTYBEES","EQ","21-Jul-2025","281.43","282.79","282.79","280.35","282.50","282.26","281.90","39,13,052","1,10,31,08,868.09","51,517","26,53,346","67.81"
"NIFTYBEES","EQ","22-Jul-2025","282.26","283.89","283.89","281.30","282.05","282.07","282.25","32,89,296","92,83,92,654.73","31,877","23,31,482","70.88"
"NIFTYBEES","EQ","23-Jul-2025","282.07","283.69","283.70","281.30","283.50","283.53","283.14","34,32,968","97,20,22,443.27","27,801","27,05,091","78.80"
"NIFTYBEES","EQ","24-Jul-2025","283.53","284.49","284.49","281.54","282.34","282.10","282.49","33,52,354","94,69,95,767.40","37,867","22,75,552","67.88"
"NIFTYBEES","EQ","25-Jul-2025","282.10","282.10","282.19","279.85","280.00","280.03","280.32","55,04,460","1,54,29,90,148.10","72,043","41,41,169","75.23"
"NIFTYBEES","EQ","28-Jul-2025","280.03","280.49","280.62","278.13","278.74","278.49","279.20","35,70,644","99,69,36,060.70","68,240","24,50,663","68.63"
"NIFTYBEES","EQ","29-Jul-2025","278.49","286.84","286.84","277.41","280.00","280.09","278.98","36,94,965","1,03,08,24,509.13","37,748","21,65,973","58.62"
"NIFTYBEES","EQ","30-Jul-2025","280.09","281.89","281.89","278.46","280.24","280.13","280.14","30,42,854","85,24,33,197.26","32,508","13,92,754","45.77"
"NIFTYBEES","EQ","31-Jul-2025","280.13","279.90","281.39","277.33","279.13","279.26","279.58","62,28,908","1,74,14,79,673.06","51,821","35,49,662","56.99"
"NIFTYBEES","EQ","01-Aug-2025","279.26","280.99","280.99","277.03","277.46","277.35","278.20","47,44,556","1,31,99,36,913.14","66,609","31,00,204","65.34"
"NIFTYBEES","EQ","04-Aug-2025","277.35","278.81","279.02","276.98","279.00","278.85","278.10","31,05,481","86,36,49,265.06","60,064","16,71,229","53.82"
"NIFTYBEES","EQ","05-Aug-2025","278.85","279.39","279.89","277.60","278.29","278.14","277.99","30,12,419","83,74,26,385.33","52,062","19,62,830","65.16"
"NIFTYBEES","EQ","06-Aug-2025","278.14","278.89","278.89","277.01","277.40","277.31","277.55","23,31,607","64,71,34,035.80","39,742","13,03,112","55.89"
"NIFTYBEES","EQ","07-Aug-2025","277.31","275.51","277.99","274.80","277.80","277.29","275.93","74,35,680","2,05,17,56,269.98","77,712","54,68,458","73.54"
"NIFTYBEES","EQ","08-Aug-2025","277.29","277.89","277.89","274.80","275.48","275.14","275.82","44,93,882","1,23,95,02,062.44","63,660","33,12,108","73.70"
"NIFTYBEES","EQ","11-Aug-2025","275.14","277.00","277.49","274.50","277.10","277.29","276.07","29,29,821","80,88,38,567.85","53,065","16,13,288","55.06"
"NIFTYBEES","EQ","12-Aug-2025","277.29","277.89","278.70","276.18","276.70","276.54","277.64","37,67,553","1,04,60,37,873.79","31,627","22,42,906","59.53"
"NIFTYBEES","EQ","13-Aug-2025","276.54","278.89","278.89","277.01","278.00","278.02","277.82","20,84,764","57,91,95,904.06","27,417","14,03,610","67.33"
"NIFTYBEES","EQ","14-Aug-2025","278.02","278.89","278.89","275.01","278.21","278.23","278.23","29,19,674","81,23,43,038.42","30,489","18,29,838","62.67"
"NIFTYBEES","EQ","18-Aug-2025","278.23","280.11","282.43","279.78","281.12","281.07","281.53","59,16,142","1,66,55,94,641.50","52,018","35,74,523","60.42"
"NIFTYBEES","EQ","19-Aug-2025","281.07","281.89","282.22","280.58","282.09","281.96","281.65","37,40,523","1,05,35,26,512.68","30,200","26,83,293","71.74"
"NIFTYBEES","EQ","20-Aug-2025","281.96","282.48","282.85","281.02","282.52","282.52","282.28","27,75,361","78,34,32,149.74","35,149","18,41,776","66.36"
"NIFTYBEES","EQ","21-Aug-2025","282.52","284.99","284.99","282.55","282.96","283.06","283.18","26,67,789","75,54,60,560.92","30,039","18,16,706","68.10"
"NIFTYBEES","EQ","22-Aug-2025","283.06","283.06","283.48","280.59","280.88","280.75","281.26","37,05,971","1,04,23,40,876.44","44,776","26,19,577","70.69"
"NIFTYBEES","EQ","25-Aug-2025","280.75","280.01","282.29","272.33","281.84","281.68","281.68","20,44,353","57,58,56,632.54","36,174","12,19,317","59.64"
"NIFTYBEES","EQ","26-Aug-2025","281.68","281.99","281.99","278.80","279.22","279.05","279.66","47,53,080","1,32,92,57,079.33","52,490","30,80,699","64.81"
"NIFTYBEES","EQ","28-Aug-2025","279.05","279.79","279.79","276.65","277.10","276.93","277.36","76,38,066","2,11,84,91,519.81","77,999","45,76,756","59.92"
"NIFTYBEES","EQ","29-Aug-2025","276.93","276.93","277.79","275.55","276.30","276.06","276.90","42,33,350","1,17,22,24,258.40","41,673","33,19,318","78.41"
"NIFTYBEES","EQ","01-Sep-2025","276.06","276.89","278.25","275.68","278.24","278.18","277.57","28,06,125","77,88,89,068.58","51,856","20,43,910","72.84"
"NIFTYBEES","EQ","02-Sep-2025","278.18","277.62","279.50","277.00","277.50","277.68","278.44","35,94,728","1,00,09,19,914.79","56,947","19,59,405","54.51"
"NIFTYBEES","EQ","03-Sep-2025","277.68","278.69","279.20","277.01","278.84","278.94","277.99","46,62,312","1,29,60,98,698.07","43,289","25,95,908","55.68"
"NIFTYBEES","EQ","04-Sep-2025","278.94","282.00","282.38","277.25","279.61","279.32","280.28","39,47,984","1,10,65,39,392.36","36,675","20,65,127","52.31"
"NIFTYBEES","EQ","05-Sep-2025","279.32","279.80","280.74","278.20","279.60","279.60","279.12","37,25,303","1,03,98,06,133.43","38,606","15,33,456","41.16"
"NIFTYBEES","EQ","08-Sep-2025","279.60","281.20","281.20","279.45","280.24","279.99","280.24","51,02,190","1,42,98,19,509.46","56,299","29,09,481","57.02"
"NIFTYBEES","EQ","09-Sep-2025","279.99","280.84","281.99","279.76","280.72","280.54","280.49","36,12,790","1,01,33,68,691.27","31,718","23,80,243","65.88"
"NIFTYBEES","EQ","10-Sep-2025","280.54","283.99","283.99","281.18","282.10","281.84","281.92","50,57,073","1,42,57,13,644.34","40,568","27,73,182","54.84"
"NIFTYBEES","EQ","11-Sep-2025","281.84","281.90","282.77","281.14","282.68","282.53","282.27","36,97,227","1,04,36,00,160.24","33,319","29,14,104","78.82"
"NIFTYBEES","EQ","12-Sep-2025","282.53","283.58","283.90","282.70","283.45","283.51","283.35","45,40,757","1,28,66,35,036.11","34,375","30,20,897","66.53"
"NIFTYBEES","EQ","15-Sep-2025","283.51","282.01","284.39","282.01","283.30","283.12","283.26","41,23,724","1,16,80,93,760.77","48,904","29,60,528","71.79"
"NIFTYBEES","EQ","16-Sep-2025","283.12","283.64","285.10","282.81","285.06","284.89","284.42","45,40,948","1,29,15,52,100.11","29,364","33,04,626","72.77"
"NIFTYBEES","EQ","17-Sep-2025","284.89","285.76","286.19","284.88","286.05","285.98","285.86","38,38,093","1,09,71,72,273.03","30,701","24,04,900","62.66"
"NIFTYBEES","EQ","18-Sep-2025","285.98","286.98","287.54","285.01","286.60","286.70","286.60","42,22,056","1,21,00,41,703.95","29,488","29,20,845","69.18"
"NIFTYBEES","EQ","19-Sep-2025","286.70","295.30","295.30","285.30","286.00","285.90","285.76","37,26,008","1,06,47,61,133.62","38,306","25,02,126","67.15"
"NIFTYBEES","EQ","22-Sep-2025","285.90","285.48","285.79","284.11","284.45","284.49","285.12","30,43,743","86,78,34,743.21","45,691","19,44,350","63.88"
"NIFTYBEES","EQ","23-Sep-2025","284.49","285.39","285.39","283.01","284.55","284.35","284.14","43,75,351","1,24,31,91,705.12","34,315","24,78,458","56.65"
"NIFTYBEES","EQ","24-Sep-2025","284.35","282.01","284.81","282.01","282.95","282.88","283.22","42,65,674","1,20,81,03,297.38","39,355","27,79,090","65.15"
"NIFTYBEES","EQ","25-Sep-2025","282.88","283.69","283.69","281.01","281.37","281.24","282.00","30,36,126","85,61,96,754.44","39,339","18,69,299","61.57"
"NIFTYBEES","EQ","26-Sep-2025","281.24","281.69","281.69","278.49","278.89","278.74","279.37","55,97,250","1,56,37,26,326.46","58,738","44,61,285","79.70"
"NIFTYBEES","EQ","29-Sep-2025","278.74","279.99","280.25","278.19","279.26","278.54","279.11","42,01,038","1,17,25,40,616.52","47,426","26,17,820","62.31"
"NIFTYBEES","EQ","30-Sep-2025","278.54","279.99","279.99","277.25","277.90","277.52","277.95","90,51,079","2,51,57,77,306.91","60,063","78,01,477","86.19"
"NIFTYBEES","EQ","01-Oct-2025","277.52","276.66","280.63","270.58","280.60","280.51","279.39","49,24,597","1,37,58,78,358.98","48,979","31,79,136","64.56"
"NIFTYBEES","EQ","03-Oct-2025","280.51","280.89","281.31","279.08","281.30","281.16","280.48","48,67,050","1,36,51,08,768.08","51,365","32,56,039","66.90"
"NIFTYBEES","EQ","06-Oct-2025","281.16","281.58","283.20","280.70","283.20","283.07","282.00","55,11,685","1,55,42,75,916.74","87,994","34,88,410","63.29"
"NIFTYBEES","EQ","07-Oct-2025","283.07","283.49","284.50","282.64","283.67","283.41","283.78","62,04,149","1,76,05,99,207.56","42,586","35,58,576","57.36"
"NIFTYBEES","EQ","08-Oct-2025","283.41","283.75","284.18","282.01","282.48","282.38","283.01","56,58,365","1,60,14,00,305.28","44,809","35,01,795","61.89"
"NIFTYBEES","EQ","09-Oct-2025","282.38","282.88","284.24","282.24","284.00","284.05","283.47","39,85,452","1,12,97,53,013.96","33,929","27,03,635","67.84"
"NIFTYBEES","EQ","10-Oct-2025","284.05","284.78","285.95","282.01","285.59","285.52","285.45","39,12,389","1,11,67,80,192.55","39,842","27,92,635","71.38"
"NIFTYBEES","EQ","13-Oct-2025","285.52","285.15","285.15","283.69","284.90","284.64","284.32","39,39,547","1,12,01,09,047.32","59,502","22,94,948","58.25"
"NIFTYBEES","EQ","14-Oct-2025","284.64","286.39","286.39","282.92","283.70","283.69","284.00","49,83,304","1,41,52,70,455.32","38,987","24,34,508","48.85"
"NIFTYBEES","EQ","15-Oct-2025","283.69","284.28","286.45","283.73","286.15","286.07","285.74","56,44,935","1,61,29,59,328.57","37,510","33,70,323","59.71"
"NIFTYBEES","EQ","16-Oct-2025","286.07","277.49","289.00","277.49","288.51","288.70","287.90","84,82,862","2,44,22,24,383.20","39,129","60,35,565","71.15"
"NIFTYBEES","EQ","17-Oct-2025","288.70","288.69","290.95","287.86","290.23","290.17","289.79","1,05,88,073","3,06,83,13,333.46","45,999","64,34,180","60.77"
"NIFTYBEES","EQ","20-Oct-2025","290.17","292.49","292.54","289.01","292.00","291.86","291.68","76,01,294","2,21,71,41,461.63","56,406","48,56,668","63.89"
"NIFTYBEES","EQ","21-Oct-2025","291.86","292.92","292.92","291.49","291.65","291.87","292.13","18,18,933","53,13,58,518.02","31,657","12,90,061","70.95"
"NIFTYBEES","EQ","23-Oct-2025","291.87","293.13","295.38","291.88","292.60","292.39","293.95","83,27,299","2,44,78,08,186.37","54,887","59,73,633","71.74"
"NIFTYBEES","EQ","24-Oct-2025","292.39","294.99","294.99","290.14","291.20","291.04","291.47","59,56,293","1,73,61,08,946.14","40,725","32,00,496","53.73"
"NIFTYBEES","EQ","27-Oct-2025","291.04","294.18","294.33","290.01","293.30","293.35","293.26","64,59,908","1,89,44,43,094.80","48,653","39,83,521","61.67"
"NIFTYBEES","EQ","28-Oct-2025","293.35","294.99","294.99","292.00","293.15","293.10","292.98","56,95,772","1,66,87,50,494.80","37,645","36,50,919","64.10"
"NIFTYBEES","EQ","29-Oct-2025","293.10","291.01","294.90","291.01","294.80","294.50","294.36","58,29,864","1,71,60,97,255.85","35,901","41,43,701","71.08"
"NIFTYBEES","EQ","30-Oct-2025","294.50","294.99","294.99","291.91","292.75","292.58","292.88","45,22,400","1,32,45,24,386.47","37,883","30,84,678","68.21"
"NIFTYBEES","EQ","31-Oct-2025","292.58","295.00","295.00","290.90","291.17","291.08","291.73","44,43,200","1,29,62,30,684.13","36,859","27,90,944","62.81"
"NIFTYBEES","EQ","03-Nov-2025","291.08","292.79","292.79","290.05","291.30","291.35","291.14","67,86,625","1,97,58,32,583.62","68,726","51,18,879","75.43"
"NIFTYBEES","EQ","04-Nov-2025","291.35","291.54","291.64","289.50","289.59","289.59","290.03","52,83,417","1,53,23,62,832.69","58,990","40,27,505","76.23"
"NIFTYBEES","EQ","06-Nov-2025","289.59","290.40","290.40","287.98","288.45","288.24","288.80","68,69,446","1,98,38,65,763.25","69,089","46,39,522","67.54"
"NIFTYBEES","EQ","07-Nov-2025","288.24","288.24","289.16","286.35","288.70","288.44","287.57","58,82,266","1,69,15,68,703.17","46,962","35,12,932","59.72"
"NIFTYBEES","EQ","10-Nov-2025","288.44","289.89","290.30","288.13","289.77","289.49","289.59","48,84,041","1,41,43,62,721.64","54,338","31,61,038","64.72"
"NIFTYBEES","EQ","11-Nov-2025","289.49","287.01","291.08","287.01","291.00","290.82","289.55","38,12,506","1,10,39,08,971.92","34,371","20,18,848","52.95"
"NIFTYBEES","EQ","12-Nov-2025","290.82","292.29","293.10","291.55","292.75","292.72","292.52","42,19,988","1,23,44,13,443.60","30,501","25,79,334","61.12"
"NIFTYBEES","EQ","13-Nov-2025","292.72","293.21","293.75","291.75","293.00","292.39","292.93","55,61,716","1,62,91,85,518.77","38,006","31,34,179","56.35"
"NIFTYBEES","EQ","14-Nov-2025","292.39","290.84","293.25","290.84","293.00","292.83","292.18","47,17,609","1,37,83,87,718.07","34,568","25,34,170","53.72"
"NIFTYBEES","EQ","17-Nov-2025","292.83","301.61","301.61","292.74","294.00","293.97","293.67","46,15,578","1,35,54,41,932.63","45,324","33,75,414","73.13"
"NIFTYBEES","EQ","18-Nov-2025","293.97","294.89","294.89","292.50","292.95","292.97","293.17","39,69,744","1,16,38,19,651.75","38,481","24,89,145","62.70"
"NIFTYBEES","EQ","19-Nov-2025","292.97","292.97","294.55","292.40","294.40","294.37","293.61","44,75,990","1,31,42,08,524.58","31,383","22,48,858","50.24"
"NIFTYBEES","EQ","20-Nov-2025","294.37","293.19","296.37","292.32","295.95","295.64","295.55","75,04,990","2,21,80,63,840.20","40,864","60,69,960","80.88"
"NIFTYBEES","EQ","21-Nov-2025","295.64","295.89","295.89","294.10","294.33","294.32","294.82","45,39,993","1,33,84,69,002.33","33,101","30,38,834","66.93"
"NIFTYBEES","EQ","24-Nov-2025","294.32","295.12","295.44","292.72","293.19","293.30","294.33","49,23,046","1,44,90,15,153.52","43,373","27,44,154","55.74"
"NIFTYBEES","EQ","25-Nov-2025","293.30","294.22","294.28","292.25","292.80","292.68","293.27","50,56,637","1,48,29,43,526.38","38,266","36,19,895","71.59"
"NIFTYBEES","EQ","26-Nov-2025","292.68","293.99","296.20","291.91","296.17","296.01","295.38","51,02,629","1,50,71,90,601.23","29,704","32,78,910","64.26"
"NIFTYBEES","EQ","27-Nov-2025","296.01","296.01","297.45","295.48","296.59","296.42","296.75","59,85,585","1,77,62,27,557.16","36,116","40,16,111","67.10"
"NIFTYBEES","EQ","28-Nov-2025","296.42","297.24","297.24","296.02","296.46","296.49","296.65","37,89,563","1,12,41,86,091.87","31,289","29,18,771","77.02"
"NIFTYBEES","EQ","01-Dec-2025","296.49","297.28","298.15","295.66","296.29","296.10","296.55","70,35,148","2,08,62,90,171.06","67,878","47,88,519","68.07"
"NIFTYBEES","EQ","02-Dec-2025","296.10","296.18","296.99","294.01","294.96","294.66","294.98","53,34,774","1,57,36,55,274.26","48,069","39,42,898","73.91"
"NIFTYBEES","EQ","03-Dec-2025","294.66","294.88","294.99","292.92","294.15","293.80","293.42","65,64,296","1,92,60,75,407.34","51,689","43,40,943","66.13"
"NIFTYBEES","EQ","04-Dec-2025","293.80","294.24","294.98","293.11","294.53","294.37","294.14","54,68,826","1,60,85,80,740.43","33,646","30,95,900","56.61"
"NIFTYBEES","EQ","05-Dec-2025","294.37","299.90","301.72","293.82","296.20","296.01","295.57","58,45,131","1,72,76,35,949.56","39,543","34,17,699","58.47"
"NIFTYBEES","EQ","08-Dec-2025","296.01","296.28","296.49","292.84","293.25","293.45","294.31","71,01,555","2,09,00,28,899.81","79,898","52,58,585","74.05"
"NIFTYBEES","EQ","09-Dec-2025","293.45","302.25","302.25","291.30","292.38","292.35","292.24","70,15,783","2,05,03,02,125.65","63,160","45,33,108","64.61"
"NIFTYBEES","EQ","10-Dec-2025","292.35","290.00","293.55","290.00","291.60","291.56","292.27","58,28,665","1,70,35,45,333.83","45,029","42,79,115","73.42"
"NIFTYBEES","EQ","11-Dec-2025","291.56","292.99","293.37","290.82","293.03","292.93","292.36","41,74,292","1,22,03,97,558.85","34,507","28,16,977","67.48"
"NIFTYBEES","EQ","12-Dec-2025","292.93","293.40","294.90","293.08","294.85","294.69","294.36","53,78,596","1,58,32,26,232.64","33,442","36,66,509","68.17"
"NIFTYBEES","EQ","15-Dec-2025","294.69","294.99","294.99","293.01","294.60","294.54","294.05","39,20,394","1,15,27,85,077.84","52,344","25,19,289","64.26"
"NIFTYBEES","EQ","16-Dec-2025","294.54","294.28","294.30","292.50","292.65","292.66","293.09","46,67,150","1,36,78,95,744.84","47,512","37,65,457","80.68"
"NIFTYBEES","EQ","17-Dec-2025","292.66","292.66","293.29","290.80","291.85","291.71","291.78","1,01,15,469","2,95,15,31,123.32","50,372","74,00,122","73.16"
"NIFTYBEES","EQ","18-Dec-2025","291.71","284.50","292.83","284.50","291.96","291.84","291.82","38,81,769","1,13,27,88,256.91","36,972","25,55,166","65.82"
"NIFTYBEES","EQ","19-Dec-2025","291.84","293.84","293.84","292.28","293.45","293.44","293.31","30,02,632","88,07,14,719.40","26,235","20,39,878","67.94"
"NIFTYBEES","EQ","22-Dec-2025","293.44","295.25","295.73","293.85","295.68","295.69","295.35","90,92,048","2,68,53,55,019.10","48,821","63,16,916","69.48"
"NIFTYBEES","EQ","23-Dec-2025","295.69","296.98","296.98","295.27","295.65","295.68","295.82","37,47,050","1,10,84,63,035.41","29,540","25,25,600","67.40"
"NIFTYBEES","EQ","24-Dec-2025","295.68","295.68","296.38","294.76","295.54","295.50","295.76","32,52,373","96,19,16,173.44","28,481","23,08,765","70.99"
"NIFTYBEES","EQ","26-Dec-2025","295.50","296.99","296.99","294.20","294.45","294.46","294.57","35,02,261","1,03,16,49,615.19","47,520","22,69,850","64.81"
"NIFTYBEES","EQ","29-Dec-2025","294.46","294.46","295.28","292.76","293.36","293.15","293.64","57,96,571","1,70,20,87,615.84","63,779","38,13,739","65.79"
"NIFTYBEES","EQ","30-Dec-2025","293.15","293.54","293.58","291.95","293.50","293.32","292.44","80,60,541","2,35,72,23,405.18","40,093","55,66,649","69.06"
"NIFTYBEES","EQ","31-Dec-2025","293.32","294.08","295.70","293.06","295.28","295.31","294.76","56,77,730","1,67,35,74,946.37","30,486","36,35,498","64.03"
"NIFTYBEES","EQ","01-Jan-2026","295.31","296.19","296.19","294.91","295.37","295.33","295.47","36,47,078","1,07,76,13,900.38","48,225","22,82,146","62.57"
"NIFTYBEES","EQ","02-Jan-2026","295.33","294.91","297.99","294.91","297.99","297.55","297.08","69,59,353","2,06,74,57,488.09","48,926","48,76,520","70.07"
"NIFTYBEES","EQ","05-Jan-2026","297.55","297.55","298.00","296.02","296.40","296.41","297.15","83,11,788","2,46,98,30,852.94","81,220","56,11,798","67.52"
"NIFTYBEES","EQ","06-Jan-2026","296.41","297.79","297.79","295.28","296.19","296.02","296.21","67,89,022","2,01,10,08,314.55","90,436","48,07,490","70.81"
"NIFTYBEES","EQ","07-Jan-2026","296.02","296.14","296.23","295.00","295.75","295.72","295.50","38,07,973","1,12,52,49,638.79","44,812","26,81,514","70.42"
"NIFTYBEES","EQ","08-Jan-2026","295.72","295.72","295.98","292.61","292.95","292.93","293.82","61,94,291","1,82,00,18,125.93","72,853","50,05,283","80.80"
"NIFTYBEES","EQ","09-Jan-2026","292.93","291.01","293.89","290.00","291.15","290.59","291.41","84,42,130","2,46,01,60,957.60","85,619","64,58,740","76.51"
"NIFTYBEES","EQ","12-Jan-2026","290.59","291.99","292.09","288.40","292.05","291.87","290.13","90,96,409","2,63,91,21,081.13","92,987","62,04,445","68.21"
"NIFTYBEES","EQ","13-Jan-2026","291.87","293.48","293.48","289.90","291.24","291.13","291.04","53,65,914","1,56,16,69,594.76","62,064","33,86,354","63.11"
"NIFTYBEES","EQ","14-Jan-2026","291.13","291.13","291.99","289.90","291.10","290.66","291.05","55,77,083","1,62,31,88,399.36","46,864","39,94,844","71.63"
"NIFTYBEES","EQ","16-Jan-2026","290.66","291.89","292.90","290.28","290.90","291.04","291.84","60,31,692","1,76,02,91,443.95","57,130","42,93,735","71.19"
"NIFTYBEES","EQ","19-Jan-2026","291.04","290.98","291.15","288.81","289.34","289.63","289.37","74,09,667","2,14,41,68,323.19","75,134","52,12,119","70.34"
"NIFTYBEES","EQ","20-Jan-2026","289.63","290.89","290.89","285.60","287.00","286.28","287.59","93,66,361","2,69,36,58,798.34","1,13,175","73,92,959","78.93"
"NIFTYBEES","EQ","21-Jan-2026","286.28","285.00","287.49","282.40","286.00","284.95","284.66","1,21,56,217","3,46,04,28,471.03","1,02,892","76,47,534","62.91"
"NIFTYBEES","EQ","22-Jan-2026","284.95","287.89","288.09","285.10","287.03","286.61","286.54","75,25,121","2,15,62,57,006.06","53,463","52,66,090","69.98"
"NIFTYBEES","EQ","23-Jan-2026","286.61","288.07","288.07","283.65","284.00","283.91","285.19","83,46,651","2,38,03,62,441.57","75,733","64,48,839","77.26"
"NIFTYBEES","EQ","27-Jan-2026","283.91","284.00","285.99","282.40","285.89","285.22","284.04","82,92,101","2,35,53,25,248.13","87,489","50,29,139","60.65"
"NIFTYBEES","EQ","28-Jan-2026","285.22","286.99","286.99","285.22","286.74","286.61","286.10","68,35,320","1,95,56,08,712.81","48,666","43,98,536","64.35"
"NIFTYBEES","EQ","29-Jan-2026","286.61","287.99","287.99","284.29","287.49","287.37","285.97","94,64,480","2,70,65,16,804.19","56,285","51,68,913","54.61"
"NIFTYBEES","EQ","30-Jan-2026","287.37","286.44","287.37","285.01","286.75","286.73","286.41","70,40,728","2,01,65,07,958.98","56,615","47,95,495","68.11"