date,symbol,series,prev_close,open_price,high_price,low_price,last_price,close_price,average_price,total_traded_quantity,turnover_rs,no_of_trades,deliverable_qty,pct_dly_qt_to_traded_qty,daily_return_pct,log_return,rolling_volatility_20,rolling_avg_20,rolling_avg_50
2025-02-01,NIFTYBEES,EQ,,261.01,264.7,261.0,262.35,262.13,262.76,"90,97,872","2,39,05,45,631.77","56,724","36,71,504",40.36,-0.003,-3.381977442531902e-05,,,
2025-02-03,NIFTYBEES,EQ,262.13,261.65,261.65,260.0,261.5,261.47,260.83,"40,23,172","1,04,93,46,697.24","68,316","24,35,682",60.54,-0.252,-0.0025210097385480372,,,
2025-02-04,NIFTYBEES,EQ,261.47,263.0,265.22,261.49,265.2,265.05,263.35,"73,92,693","1,94,68,91,386.00","43,964","41,49,695",56.13,1.369,0.013598933263341944,,,
2025-02-05,NIFTYBEES,EQ,265.05,265.95,265.95,265.0,265.2,265.25,265.47,"34,46,888","91,50,52,022.97","43,715","22,42,028",65.04,0.075,0.000754290060277428,,,
2025-02-06,NIFTYBEES,EQ,265.25,265.2,267.99,263.85,264.58,264.37,264.39,"32,91,441","87,02,40,521.95","38,382","18,66,753",56.72,-0.332,-0.003323140401945018,,,
2025-02-07,NIFTYBEES,EQ,264.37,265.5,265.5,262.6,263.85,263.75,264.04,"45,65,941","1,20,56,07,209.06","44,293","21,18,844",46.41,-0.235,-0.0023479523018712064,,,
2025-02-10,NIFTYBEES,EQ,263.75,265.99,265.99,261.2,262.1,261.9,262.04,"62,25,361","1,63,12,99,140.04","68,728","44,95,046",72.21,-0.701,-0.007038933276610135,,,
2025-02-11,NIFTYBEES,EQ,261.9,262.99,262.99,257.52,258.8,258.55,259.54,"93,21,702","2,41,93,86,892.51","78,309","59,34,827",63.67,-1.279,-0.012873652671435606,,,
2025-02-12,NIFTYBEES,EQ,258.55,259.75,259.75,255.6,258.57,258.27,257.55,"79,29,756","2,04,23,24,189.48","69,170","49,15,833",61.99,-0.108,-0.001083549504257646,,,
2025-02-13,NIFTYBEES,EQ,258.27,259.99,260.49,257.73,258.15,258.17,259.23,"50,78,676","1,31,65,63,634.03","40,426","33,41,218",65.79,-0.039,-0.0003872666766701836,,,
2025-02-14,NIFTYBEES,EQ,258.17,259.99,259.99,255.35,256.91,256.95,256.68,"71,11,034","1,82,52,80,622.55","76,657","46,75,430",65.75,-0.473,-0.004736769223064168,,,
2025-02-17,NIFTYBEES,EQ,256.95,257.95,257.95,255.01,257.33,257.11,256.24,"73,79,260","1,89,08,90,913.41","71,041","40,09,162",54.33,0.062,0.0006224954486507082,,,
2025-02-18,NIFTYBEES,EQ,257.11,256.28,257.7,255.4,256.75,256.84,256.36,"39,17,336","1,00,42,37,351.45","45,474","20,01,780",51.1,-0.105,-0.001050685961041751,,,
2025-02-19,NIFTYBEES,EQ,256.84,257.99,258.44,255.62,257.0,256.89,257.17,"51,89,115","1,33,44,73,763.39","39,949","29,89,180",57.6,0.019,0.00019465478036282544,,,
2025-02-20,NIFTYBEES,EQ,256.89,257.99,257.99,255.75,256.89,256.85,256.62,"40,75,280","1,04,57,81,522.25","34,757","28,73,020",70.5,-0.016,-0.00015572079293334597,,,
2025-02-21,NIFTYBEES,EQ,256.85,257.99,257.99,254.8,255.35,255.53,255.52,"62,88,816","1,60,69,31,533.69","68,563","42,46,951",67.53,-0.514,-0.005152437332588584,,,
2025-02-24,NIFTYBEES,EQ,255.53,255.2,255.2,252.5,252.89,252.87,253.15,"92,01,091","2,32,92,79,598.11","1,17,245","72,15,123",78.42,-1.041,-0.010464296903187776,,,
2025-02-25,NIFTYBEES,EQ,252.87,252.98,253.58,252.31,252.75,252.75,252.98,"35,49,369","89,79,15,575.66","40,346","19,53,448",55.04,-0.047,-0.00047466477691971267,,,
2025-02-27,NIFTYBEES,EQ,252.75,253.8,253.8,252.06,252.58,252.56,252.57,"35,67,646","90,10,85,858.29","44,268","24,80,601",69.53,-0.075,-0.0007520136508445194,,,
2025-02-28,NIFTYBEES,EQ,252.56,252.95,252.95,248.08,249.13,248.45,249.17,"1,96,32,154","4,89,16,59,432.71","1,59,877","1,71,78,576",87.5,-1.627,-0.01640722620140669,0.0061182135093001125,258.283,
2025-03-03,NIFTYBEES,EQ,248.45,255.9,255.9,246.64,248.33,248.05,247.83,"83,03,131","2,05,77,81,222.40","1,11,826","61,90,369",74.55,-0.161,-0.0016112793012715925,0.006092396041199592,257.5365,
2025-03-04,NIFTYBEES,EQ,248.05,247.74,247.78,246.08,247.49,247.49,247.33,"70,23,813","1,73,71,68,235.91","56,918","57,67,581",82.11,-0.226,-0.0022601615949821904,0.0060932148961968914,256.8615,
2025-03-05,NIFTYBEES,EQ,247.49,248.7,251.0,246.3,251.0,250.48,249.64,"70,30,334","1,75,50,42,141.01","55,335","50,85,444",72.34,1.208,0.012008899866074545,0.005875180772018425,256.17600000000004,
2025-03-06,NIFTYBEES,EQ,250.48,252.9,252.9,249.43,252.68,252.75,251.31,"74,79,954","1,87,97,61,286.59","47,810","47,59,526",63.63,0.906,0.009021780882430594,0.00640717995777512,255.46800000000002,
2025-03-07,NIFTYBEES,EQ,252.75,252.7,253.74,251.7,252.99,252.84,252.91,"42,41,305","1,07,26,63,861.82","42,288","21,67,035",51.09,0.036,0.00035601970351716,0.00643245812978544,254.894,
2025-03-10,NIFTYBEES,EQ,252.84,252.0,254.95,251.4,251.68,251.75,252.96,"54,08,616","1,36,81,45,073.85","61,920","27,57,164",50.98,-0.431,-0.004320346005426319,0.006449465009156003,254.34,
2025-03-11,NIFTYBEES,EQ,251.75,251.99,252.4,249.91,252.3,252.08,251.34,"44,74,243","1,12,45,38,166.47","37,033","24,56,824",54.91,0.131,0.0013099658503476215,0.006398508785523188,253.805,
2025-03-12,NIFTYBEES,EQ,252.08,253.99,253.99,250.35,251.65,251.74,251.45,"38,51,048","96,83,49,703.61","44,180","20,14,658",52.31,-0.135,-0.0013496885856602743,0.005855129517126998,253.40050000000002,
2025-03-13,NIFTYBEES,EQ,251.74,252.9,252.9,250.8,251.1,251.06,251.77,"31,61,426","79,59,36,507.84","34,328","19,43,687",61.48,-0.27,-0.002704854473296596,0.005862689269977745,253.11149999999998,
2025-03-17,NIFTYBEES,EQ,251.06,251.06,253.0,250.1,252.25,252.18,252.15,"38,72,869","97,65,40,699.26","51,763","17,54,047",45.29,0.446,0.004451163855017921,0.006005449647745716,252.75750000000002,
2025-03-18,NIFTYBEES,EQ,252.18,254.89,256.0,252.66,255.62,255.82,254.87,"71,34,763","1,81,84,20,393.25","41,666","43,92,514",61.56,1.443,0.01433095392616681,0.006862427190733519,252.667,
2025-03-19,NIFTYBEES,EQ,255.82,256.8,256.94,255.48,256.79,256.7,256.54,"38,69,286","99,26,11,255.72","31,868","22,75,863",58.82,0.344,0.0034340157058476233,0.006909239138670149,252.68200000000002,
2025-03-20,NIFTYBEES,EQ,256.7,258.99,259.6,256.7,259.3,259.32,258.44,"82,19,907","2,12,43,39,184.55","44,346","48,86,384",59.45,1.021,0.010154732429700233,0.007271208543430675,252.78599999999997,
2025-03-21,NIFTYBEES,EQ,259.32,260.0,261.59,258.58,261.27,261.09,260.81,"92,49,804","2,41,24,38,443.65","45,808","57,83,308",62.52,0.683,0.006802355162737008,0.007406399764878343,252.968,
2025-03-24,NIFTYBEES,EQ,261.09,261.62,265.31,261.01,265.19,264.9,263.85,"93,10,805","2,45,66,61,532.05","60,287","61,01,146",65.53,1.459,0.014487220808491984,0.008005354047002788,253.3295,
2025-03-25,NIFTYBEES,EQ,264.9,266.5,266.82,256.95,264.4,264.73,265.37,"1,29,09,271","3,42,57,58,579.17","47,780","90,64,093",70.21,-0.064,-0.0006419576150828917,0.007869180554610746,253.82200000000003,
2025-03-26,NIFTYBEES,EQ,264.73,264.1,265.5,262.52,262.91,262.9,263.92,"52,58,667","1,38,78,47,784.98","40,326","32,77,031",62.32,-0.691,-0.006936706927105622,0.007616025154931709,254.3605,
2025-03-27,NIFTYBEES,EQ,262.9,263.28,264.27,262.1,263.91,263.73,263.69,"38,74,025","1,02,15,42,170.45","32,761","25,68,036",66.29,0.316,0.003152120795361443,0.007598539603070553,254.89600000000002,
2025-03-28,NIFTYBEES,EQ,263.73,263.53,264.48,262.51,263.15,263.21,263.33,"86,41,606","2,27,55,86,346.73","41,855","61,38,511",71.03,-0.197,-0.0019736598808130588,0.00762774891137514,255.43400000000003,
2025-04-01,NIFTYBEES,EQ,263.21,262.38,263.67,259.38,259.68,259.6,260.65,"1,26,29,562","3,29,18,69,473.92","91,053","77,93,718",61.71,-1.372,-0.013810207820448953,0.007312316586424438,256.00800000000004,
2025-04-02,NIFTYBEES,EQ,259.6,260.7,261.85,259.11,261.6,261.64,261.01,"95,09,451","2,48,20,38,028.41","47,021","79,33,541",83.43,0.786,0.00782752826307685,0.007358175600710705,256.66700000000003,
2025-04-03,NIFTYBEES,EQ,261.64,260.9,261.1,259.03,261.02,260.46,260.55,"61,86,200","1,61,18,16,126.71","45,317","37,86,347",61.21,-0.451,-0.0045202145534547905,0.0074545491880016156,257.32800000000003,
2025-04-04,NIFTYBEES,EQ,260.46,260.48,260.58,256.48,258.0,257.16,257.45,"92,33,464","2,37,71,91,505.53","81,570","72,49,281",78.51,-1.267,-0.012750839266071078,0.007847307055010985,257.7185,
2025-04-07,NIFTYBEES,EQ,257.16,264.85,264.85,231.3,249.8,249.1,247.52,"3,46,54,934","8,57,76,46,698.80","3,20,667","2,52,38,828",72.83,-3.134,-0.031844037005351364,0.010579846903277835,257.529,
2025-04-08,NIFTYBEES,EQ,249.1,256.55,256.55,249.76,253.0,252.72,252.24,"98,60,513","2,48,71,79,246.41","73,920","57,69,608",58.51,1.453,0.01442773422569506,0.011110287991366551,257.4955,
2025-04-09,NIFTYBEES,EQ,252.72,251.72,252.68,250.62,251.45,251.03,251.16,"71,44,236","1,79,43,61,533.84","53,690","51,68,003",72.34,-0.669,-0.006709702591869899,0.01117159774180583,257.40549999999996,
2025-04-11,NIFTYBEES,EQ,251.03,255.99,256.9,251.23,256.28,255.97,255.82,"1,08,02,170","2,76,33,62,006.48","62,826","67,20,390",62.21,1.968,0.01948779621061101,0.01200445117583594,257.6295,
2025-04-15,NIFTYBEES,EQ,255.97,260.0,262.88,258.3,261.35,260.87,260.8,"64,45,385","1,68,09,71,467.03","65,516","39,69,963",61.59,1.914,0.018961948833749298,0.012657494320563564,258.097,
2025-04-16,NIFTYBEES,EQ,260.87,263.99,263.99,260.03,262.1,261.91,261.04,"83,12,168","2,16,98,38,521.22","38,763","59,57,021",71.67,0.399,0.003978734350821876,0.012620995691098367,258.5605,
2025-04-17,NIFTYBEES,EQ,261.91,262.94,266.79,260.6,266.36,266.54,264.66,"98,18,354","2,59,85,08,468.19","45,468","69,09,715",70.38,1.768,0.017523392854438942,0.013078520206964034,259.18600000000004,257.1614
2025-04-21,NIFTYBEES,EQ,266.54,265.3,270.48,265.01,269.7,269.7,269.38,"1,00,57,258","2,70,92,71,579.76","84,985","72,91,551",72.5,1.186,0.011785903994103264,0.012972051632936493,259.9115,257.29380000000003
2025-04-22,NIFTYBEES,EQ,269.7,270.11,270.95,269.0,270.0,270.05,270.24,"61,82,402","1,67,07,07,984.00","38,422","41,57,441",67.25,0.13,0.0012968968932159243,0.012973984447318392,260.5965,257.482
2025-04-23,NIFTYBEES,EQ,270.05,272.89,272.89,269.5,271.8,271.82,271.3,"95,02,368","2,57,80,13,064.32","40,588","55,43,008",58.33,0.655,0.006532955488301078,0.012887015682312746,261.2395,257.64099999999996
2025-04-24,NIFTYBEES,EQ,271.82,271.78,272.09,270.68,270.9,270.95,271.23,"50,49,194","1,36,94,82,157.50","38,797","34,84,863",69.02,-0.32,-0.0032057805150780133,0.01289949143725211,261.7605,257.75620000000004
2025-04-25,NIFTYBEES,EQ,270.95,271.85,272.3,266.71,268.19,268.63,268.94,"86,30,692","2,32,11,71,485.58","60,009","49,12,950",56.92,-0.856,-0.00859933391415858,0.012741436909516929,262.015,257.8472
2025-04-28,NIFTYBEES,EQ,268.63,269.89,272.3,268.0,271.91,271.9,271.11,"76,76,436","2,08,11,92,511.57","52,628","57,99,770",75.55,1.217,0.01209938354046036,0.012987018392556336,262.302,257.9886
2025-04-29,NIFTYBEES,EQ,271.9,273.89,273.89,270.9,271.78,271.91,272.18,"1,21,94,908","3,31,92,06,108.94","28,956","91,85,830",75.33,0.004,3.677755098722744e-05,0.012846065102873212,262.71500000000003,258.19140000000004
2025-04-30,NIFTYBEES,EQ,271.91,277.09,277.09,271.03,271.33,271.99,271.97,"61,33,729","1,66,82,18,843.79","43,118","46,48,438",75.78,0.029,0.000294171724864553,0.012844780234832287,263.129,258.44
2025-05-02,NIFTYBEES,EQ,271.99,274.0,275.12,270.88,272.1,272.05,272.86,"1,09,48,874","2,98,75,01,610.62","75,106","53,53,986",48.9,0.022,0.0002205720176576631,0.012822523157182021,263.6055,258.74620000000004
2025-05-05,NIFTYBEES,EQ,272.05,272.05,274.55,271.31,274.2,274.39,274.04,"1,32,20,110","3,62,28,80,805.44","67,975","99,31,224",75.12,0.86,0.008564579107040046,0.01237061749548863,264.275,259.0424
2025-05-06,NIFTYBEES,EQ,274.39,274.9,274.9,272.17,272.2,272.6,273.11,"44,17,654","1,20,64,93,550.00","61,448","31,98,685",72.41,-0.652,-0.006544932776542111,0.012478369780755586,264.88,259.371
2025-05-07,NIFTYBEES,EQ,272.6,271.9,273.59,269.39,272.9,272.79,272.57,"70,15,340","1,91,21,66,955.70","45,383","39,75,245",56.67,0.07,0.000696749143498977,0.012387957828649907,265.481,259.69759999999997
2025-05-08,NIFTYBEES,EQ,272.79,273.7,273.7,270.0,270.27,271.04,271.88,"63,01,204","1,71,31,67,716.97","34,604","40,68,572",64.57,-0.642,-0.006435856942241603,0.012059942868667569,266.2025,260.00800000000004
2025-05-09,NIFTYBEES,EQ,271.04,269.5,270.09,266.16,268.75,268.49,268.73,"77,25,810","2,07,61,78,629.03","77,366","44,29,057",57.33,-0.941,-0.009452742156201803,0.009447748000746764,267.26300000000003,260.23920000000004
2025-05-12,NIFTYBEES,EQ,268.49,272.49,279.49,270.89,279.1,278.94,276.89,"96,55,176","2,67,34,27,580.39","71,749","56,32,194",58.33,3.892,0.03818303562306056,0.012007541336732312,268.4955,260.64459999999997
2025-05-13,NIFTYBEES,EQ,278.94,278.75,281.25,275.3,275.81,275.65,276.47,"95,87,074","2,65,05,66,158.13","58,422","66,18,554",69.04,-1.179,-0.011864759894855872,0.012321892227374728,269.761,261.0636
2025-05-14,NIFTYBEES,EQ,275.65,276.9,277.27,274.7,276.8,276.57,276.27,"54,42,213","1,50,35,21,965.69","39,669","34,64,457",63.66,0.334,0.0033320084429201077,0.011819212429537951,270.7835,261.526
2025-05-15,NIFTYBEES,EQ,276.57,276.9,280.76,274.7,279.34,280.17,278.08,"1,13,53,337","3,15,71,80,328.75","60,299","50,93,336",44.86,1.302,0.01293260831112369,0.011486216916409197,271.64750000000004,262.028
2025-05-16,NIFTYBEES,EQ,280.17,280.99,280.99,278.38,280.2,280.21,280.1,"44,85,107","1,25,62,61,404.06","44,531","27,08,503",60.39,0.014,0.000142760270059183,0.011511010155402944,272.6005,262.5786
2025-05-19,NIFTYBEES,EQ,280.21,280.05,281.34,279.0,279.78,279.21,279.93,"42,89,298","1,20,06,95,001.37","52,998","28,15,683",65.64,-0.357,-0.0035751351940667623,0.0111059839260742,273.364,263.1938
2025-05-20,NIFTYBEES,EQ,279.21,280.89,280.89,276.62,277.01,276.89,278.1,"56,83,232","1,58,04,93,972.81","58,217","39,74,759",69.94,-0.831,-0.0083438714615643,0.011115303254165277,273.8,263.79920000000004
2025-05-21,NIFTYBEES,EQ,276.89,276.89,279.14,276.4,277.5,277.55,277.73,"45,84,056","1,27,31,43,065.57","36,668","21,18,241",46.21,0.238,0.002380781732005937,0.011117849782039276,274.17449999999997,264.4072
2025-05-22,NIFTYBEES,EQ,277.55,277.9,277.9,274.37,276.22,275.91,275.41,"91,01,780","2,50,67,17,946.19","66,056","57,77,792",63.48,-0.591,-0.005926371553454354,0.011162287932437176,274.38,264.9226
2025-05-23,NIFTYBEES,EQ,275.91,282.0,284.19,274.98,278.4,278.37,277.94,"54,80,146","1,52,31,31,505.94","33,318","32,52,990",59.36,0.892,0.008876438450481533,0.011263605885157284,274.7155,265.4552
2025-05-26,NIFTYBEES,EQ,278.37,276.51,280.95,276.51,279.7,279.89,279.94,"80,40,183","2,25,07,96,648.16","55,023","57,38,839",71.38,0.546,0.0054455048046106475,0.011046325634125323,275.26550000000003,265.99580000000003
2025-05-27,NIFTYBEES,EQ,279.89,279.89,280.89,276.9,278.3,278.25,278.35,"1,02,51,014","2,85,33,26,173.16","72,684","40,62,211",39.63,-0.586,-0.005876678682154089,0.010916431334790415,275.6275,266.5036
2025-05-28,NIFTYBEES,EQ,278.25,278.0,279.99,277.12,277.75,277.69,277.73,"49,66,659","1,37,93,91,939.29","38,301","32,55,112",65.54,-0.201,-0.0020146065741021135,0.010937101555118636,275.905,267.0314
2025-05-29,NIFTYBEES,EQ,277.69,278.78,279.09,277.02,279.04,278.54,278.09,"46,32,027","1,28,81,18,816.64","32,609","20,44,278",44.13,0.306,0.0030562920433939485,0.010944468977011386,276.211,267.5642
2025-05-30,NIFTYBEES,EQ,278.54,279.89,279.89,277.71,278.0,277.97,278.3,"35,21,102","97,99,11,157.92","35,179","16,81,256",47.75,-0.205,-0.0020484814264724364,0.010966783199493216,276.483,268.0948
2025-06-02,NIFTYBEES,EQ,277.97,276.0,278.38,275.0,277.52,277.6,276.68,"57,33,152","1,58,62,43,277.85","77,354","30,95,402",53.99,-0.133,-0.0013319655658239806,0.010833588091947826,276.615,268.5854
2025-06-03,NIFTYBEES,EQ,277.6,278.0,278.6,275.41,275.75,275.77,276.51,"75,75,648","2,09,47,66,030.83","69,906","39,70,357",52.41,-0.659,-0.006614043664077,0.010835991585132815,276.78499999999997,269.01820000000004
2025-06-04,NIFTYBEES,EQ,275.77,276.5,276.89,275.15,276.58,276.46,276.31,"27,85,742","76,97,39,743.20","31,476","18,22,256",65.41,0.25,0.002498960067638569,0.01084452043744373,276.97200000000004,269.41360000000003
2025-06-05,NIFTYBEES,EQ,276.46,277.9,279.34,276.37,277.97,278.05,277.95,"72,73,297","2,02,16,42,478.35","41,518","38,96,358",53.57,0.575,0.005734808597361917,0.010766091114063752,277.2755,269.8038
2025-06-06,NIFTYBEES,EQ,278.05,278.9,280.85,277.0,280.45,280.5,279.52,"1,19,45,116","3,33,89,36,515.11","50,831","86,73,498",72.61,0.881,0.008772771329178036,0.010579837678628034,277.815,270.178
2025-06-09,NIFTYBEES,EQ,280.5,281.05,282.89,281.05,281.35,281.35,281.49,"42,88,088","1,20,70,65,386.23","53,535","28,95,191",67.52,0.303,0.0030257209165371114,0.006365961640033245,278.045,270.5308
2025-06-10,NIFTYBEES,EQ,281.35,282.2,282.8,281.0,281.25,281.39,281.67,"45,57,302","1,28,36,65,665.82","41,524","29,63,404",65.03,0.014,0.00014216156685983606,0.0056740128534052015,278.305,270.8568
2025-06-11,NIFTYBEES,EQ,281.39,281.75,282.8,280.5,281.76,281.87,282.15,"52,46,351","1,48,02,56,385.59","35,002","29,27,182",55.79,0.171,0.0017043642942665596,0.005650890247071458,278.599,271.2214
2025-06-12,NIFTYBEES,EQ,281.87,282.0,282.75,278.43,278.9,278.95,279.78,"76,46,410","2,13,92,82,873.52","63,407","43,77,840",57.25,-1.036,-0.010413417448877131,0.005453001004432448,278.684,271.5432
2025-06-13,NIFTYBEES,EQ,278.95,276.0,277.5,274.08,277.28,277.1,276.57,"64,91,577","1,79,53,80,228.69","67,544","39,26,425",60.48,-0.663,-0.006654102422604491,0.005637981416436768,278.50750000000005,271.808
2025-06-16,NIFTYBEES,EQ,277.1,279.39,279.97,276.01,279.5,279.7,278.69,"52,87,546","1,47,36,05,181.99","53,899","26,32,218",49.78,0.938,0.009339148338981154,0.00600202809094216,278.4455,272.16880000000003
2025-06-17,NIFTYBEES,EQ,279.7,281.49,281.49,278.21,278.55,278.59,278.74,"71,13,968","1,98,29,73,476.62","39,523","55,19,911",77.59,-0.397,-0.003976433260891673,0.005753419098482487,278.47749999999996,272.5234
2025-06-18,NIFTYBEES,EQ,278.59,279.89,279.89,277.38,278.32,278.24,278.55,"32,00,952","89,16,25,934.89","28,557","18,12,183",56.61,-0.126,-0.0012571163410493391,0.00574186840696972,278.5185,272.8834
2025-06-19,NIFTYBEES,EQ,278.24,278.5,279.89,271.28,277.82,277.91,278.14,"43,30,677","1,20,45,40,640.80","31,327","28,62,624",66.1,-0.119,-0.001186730337962884,0.005574369974119283,278.65500000000003,273.29720000000003
2025-06-20,NIFTYBEES,EQ,277.91,276.51,281.8,276.49,281.5,281.5,280.67,"1,13,99,466","3,19,94,88,472.82","38,308","80,66,858",70.77,1.292,0.01283512731173499,0.0059502542347902,278.7915,273.9602
2025-06-23,NIFTYBEES,EQ,281.5,280.9,281.53,278.5,280.95,280.86,280.18,"89,63,571","2,51,14,33,605.49","56,958","51,08,706",56.99,-0.227,-0.0022761230397108506,0.005866428983890221,278.80350000000004,274.519
2025-06-24,NIFTYBEES,EQ,280.86,283.9,284.24,281.17,281.78,281.43,282.79,"1,02,19,161","2,88,98,55,438.99","47,105","45,19,459",44.23,0.203,0.0020274242659350343,0.005701346094998333,279.0255,275.1516
2025-06-25,NIFTYBEES,EQ,281.43,282.0,283.78,281.71,283.4,283.41,283.13,"33,46,093","94,73,71,764.92","34,446","18,36,535",54.89,0.704,0.007010863643183364,0.005841619664646719,279.2955,275.69780000000003
2025-06-26,NIFTYBEES,EQ,283.41,283.4,286.58,282.11,286.4,286.39,285.28,"1,02,12,702","2,91,34,55,285.35","47,378","75,50,747",73.93,1.051,0.01045990582663575,0.006201012320704191,279.65500000000003,276.18739999999997
2025-06-27,NIFTYBEES,EQ,286.39,287.0,288.28,286.44,288.0,287.96,287.62,"51,39,824","1,47,83,00,609.64","36,396","30,63,833",59.61,0.548,0.005467063325313605,0.006209411454267518,280.121,276.719
2025-06-30,NIFTYBEES,EQ,287.96,287.8,289.39,286.11,286.5,286.51,287.12,"79,28,260","2,27,63,91,747.52","65,020","46,07,549",58.12,-0.504,-0.005048142041477196,0.00636073211959521,280.643,277.1682
2025-07-01,NIFTYBEES,EQ,286.51,287.88,287.89,286.31,286.89,286.84,286.9,"53,55,172","1,53,64,22,713.73","43,275","41,18,233",76.9,0.115,0.001151129454749043,0.00606435695335031,281.1625,277.5186
2025-07-02,NIFTYBEES,EQ,286.84,287.89,287.89,285.2,285.89,285.78,286.22,"56,69,639","1,62,27,59,615.66","46,004","38,08,210",67.17,-0.37,-0.003702284973550112,0.006192941222675746,281.658,277.8382
2025-07-03,NIFTYBEES,EQ,285.78,286.89,287.26,285.16,285.78,285.39,286.42,"98,06,621","2,80,88,51,232.64","37,704","67,85,210",69.19,-0.136,-0.0013656181543486592,0.006150294185057473,282.0815,278.1406
2025-07-04,NIFTYBEES,EQ,285.39,287.89,287.89,283.01,286.45,286.11,285.52,"44,68,132","1,27,57,59,680.38","72,948","29,65,938",66.38,0.252,0.0025196863724554555,0.005904598386327054,282.3815,278.4264
2025-07-07,NIFTYBEES,EQ,286.11,287.79,287.79,284.01,286.22,286.07,286.05,"51,91,711","1,48,50,88,187.65","61,133","34,19,805",65.87,-0.014,-0.0001398161420013817,0.005889569215209378,282.60949999999997,278.7686
2025-07-08,NIFTYBEES,EQ,286.07,285.9,287.19,285.3,287.16,286.91,286.42,"27,20,142","77,90,98,677.13","33,979","15,55,871",57.2,0.294,0.0029320416132525926,0.005905391930675171,282.847,279.0748
2025-07-09,NIFTYBEES,EQ,286.91,286.11,287.69,286.0,286.45,286.5,286.8,"20,84,278","59,77,62,892.43","34,600","11,72,177",56.24,-0.143,-0.0014300415753876264,0.005926468552019972,283.0795,279.3672
2025-07-10,NIFTYBEES,EQ,286.5,285.3,287.69,285.0,285.32,285.16,285.49,"45,43,938","1,29,72,41,436.31","53,618","30,51,899",67.16,-0.468,-0.004688109905366501,0.005476791802284783,283.36499999999995,279.6376
2025-07-11,NIFTYBEES,EQ,285.16,285.39,285.39,282.5,283.3,283.11,283.65,"53,35,789","1,51,34,93,471.56","65,841","40,86,707",76.59,-0.719,-0.007214911548076406,0.005519852434478482,283.719,279.8534
2025-07-14,NIFTYBEES,EQ,283.11,284.39,284.39,281.69,282.9,282.71,282.35,"38,84,074","1,09,66,83,657.64","56,549","27,60,310",71.07,-0.141,-0.001413877440299031,0.005185899209428159,283.902,280.0196
2025-07-15,NIFTYBEES,EQ,282.71,283.49,284.38,282.1,284.0,283.69,283.56,"55,81,909","1,58,28,07,332.49","36,546","36,17,638",64.81,0.347,0.0034604554305715197,0.00511146468360685,284.143,280.22860000000003
2025-07-16,NIFTYBEES,EQ,283.69,283.8,284.39,282.8,283.65,283.64,283.38,"30,91,019","87,59,44,894.19","30,870","15,99,041",51.73,-0.018,-0.00017626425582804557,0.005093059791794045,284.3845,280.4448
2025-07-17,NIFTYBEES,EQ,283.64,284.99,284.99,282.61,282.94,282.83,283.3,"38,32,375","1,08,57,25,235.19","32,505","23,02,832",60.09,-0.286,-0.0028598180029044836,0.005143683626543659,284.64250000000004,280.6732
2025-07-18,NIFTYBEES,EQ,282.83,283.5,283.69,281.0,281.66,281.43,281.59,"44,85,164","1,26,29,63,801.14","59,105","31,04,293",69.21,-0.495,-0.004962261626922102,0.004460177155239093,284.6885,280.9304
2025-07-21,NIFTYBEES,EQ,281.43,282.79,282.79,280.35,282.5,282.26,281.9,"39,13,052","1,10,31,08,868.09","51,517","26,53,346",67.81,0.295,0.002944883179891607,0.004473482843112029,284.7745,281.0306
2025-07-22,NIFTYBEES,EQ,282.26,283.89,283.89,281.3,282.05,282.07,282.25,"32,89,296","92,83,92,654.73","31,877","23,31,482",70.88,-0.067,-0.0006733649006047754,0.00445769647642163,284.7475,281.14619999999996
2025-07-23,NIFTYBEES,EQ,282.07,283.69,283.7,281.3,283.5,283.53,283.14,"34,32,968","97,20,22,443.27","27,801","27,05,091",78.8,0.518,0.005162670589818224,0.0043243501963337915,284.74799999999993,281.2836
2025-07-24,NIFTYBEES,EQ,283.53,284.49,284.49,281.54,282.34,282.1,282.49,"33,52,354","94,69,95,767.40","37,867","22,75,552",67.88,-0.504,-0.005056319667123637,0.00369975820512754,284.6085,281.3718
2025-07-25,NIFTYBEES,EQ,282.1,282.1,282.19,279.85,280.0,280.03,280.32,"55,04,460","1,54,29,90,148.10","72,043","41,41,169",75.23,-0.734,-0.007364877720944233,0.003676587312033495,284.2435,281.37620000000004
2025-07-28,NIFTYBEES,EQ,280.03,280.49,280.62,278.13,278.74,278.49,279.2,"35,70,644","99,69,36,060.70","68,240","24,50,663",68.63,-0.55,-0.005514588207055471,0.003702361365276649,283.84749999999997,281.3616
2025-07-29,NIFTYBEES,EQ,278.49,286.84,286.84,277.41,280.0,280.09,278.98,"36,94,965","1,03,08,24,509.13","37,748","21,65,973",58.62,0.575,0.005728828013630826,0.003999245946452982,283.4515,281.37919999999997
2025-07-30,NIFTYBEES,EQ,280.09,281.89,281.89,278.46,280.24,280.13,280.14,"30,42,854","85,24,33,197.26","32,508","13,92,754",45.77,0.014,0.00014280104269028308,0.003964421828348129,283.1475,281.42740000000003
2025-07-31,NIFTYBEES,EQ,280.13,279.9,281.39,277.33,279.13,279.26,279.58,"62,28,908","1,74,14,79,673.06","51,821","35,49,662",56.99,-0.311,-0.003110533622223481,0.003992032217210785,282.8055,281.5108
2025-08-01,NIFTYBEES,EQ,279.26,280.99,280.99,277.03,277.46,277.35,278.2,"47,44,556","1,31,99,36,913.14","66,609","31,00,204",65.34,-0.684,-0.006863001012804942,0.004096001284527008,282.4395,281.51599999999996
2025-08-04,NIFTYBEES,EQ,277.35,278.81,279.02,276.98,279.0,278.85,278.1,"31,05,481","86,36,49,265.06","60,064","16,71,229",53.82,0.541,0.005393756334319163,0.004374065897580453,282.04200000000003,281.4792
2025-08-05,NIFTYBEES,EQ,278.85,279.39,279.89,277.6,278.29,278.14,277.99,"30,12,419","83,74,26,385.33","52,062","19,62,830",65.16,-0.255,-0.002549418785098082,0.0042667930973720155,281.6205,281.472
2025-08-06,NIFTYBEES,EQ,278.14,278.89,278.89,277.01,277.4,277.31,277.55,"23,31,607","64,71,34,035.80","39,742","13,03,112",55.89,-0.298,-0.0029885700522657792,0.004278660206312512,281.158,281.4684
2025-08-07,NIFTYBEES,EQ,277.31,275.51,277.99,274.8,277.8,277.29,275.93,"74,35,680","2,05,17,56,269.98","77,712","54,68,458",73.54,-0.007,-7.212405340300789e-05,0.004229237017706789,280.68,281.42519999999996
2025-08-08,NIFTYBEES,EQ,277.29,277.89,277.89,274.8,275.48,275.14,275.82,"44,93,882","1,23,95,02,062.44","63,660","33,12,108",73.7,-0.775,-0.0077838309119465906,0.004272107532408888,280.2885,281.3756
2025-08-11,NIFTYBEES,EQ,275.14,277.0,277.49,274.5,277.1,277.29,276.07,"29,29,821","80,88,38,567.85","53,065","16,13,288",55.06,0.781,0.0077838309119465975,0.004742810127552113,279.97450000000003,281.3634
2025-08-12,NIFTYBEES,EQ,277.29,277.89,278.7,276.18,276.7,276.54,277.64,"37,67,553","1,04,60,37,873.79","31,627","22,42,906",59.53,-0.27,-0.0027084139843240695,0.004639119560914676,279.6785,281.38599999999997
2025-08-13,NIFTYBEES,EQ,276.54,278.89,278.89,277.01,278.0,278.02,277.82,"20,84,764","57,91,95,904.06","27,417","14,03,610",67.33,0.535,0.005337577588474634,0.004866213762622725,279.4005,281.4162
2025-08-14,NIFTYBEES,EQ,278.02,278.89,278.89,275.01,278.21,278.23,278.23,"29,19,674","81,23,43,038.42","30,489","18,29,838",62.67,0.076,0.0007550562156474502,0.004860654292016699,279.147,281.4218
2025-08-18,NIFTYBEES,EQ,278.23,280.11,282.43,279.78,281.12,281.07,281.53,"59,16,142","1,66,55,94,641.50","52,018","35,74,523",60.42,1.021,0.010155638866612488,0.005334933731214382,279.144,281.462
2025-08-19,NIFTYBEES,EQ,281.07,281.89,282.22,280.58,282.09,281.96,281.65,"37,40,523","1,05,35,26,512.68","30,200","26,83,293",71.74,0.317,0.003161468274468269,0.005341578529554345,279.1315,281.4652
2025-08-20,NIFTYBEES,EQ,281.96,282.48,282.85,281.02,282.52,282.52,282.28,"27,75,361","78,34,32,149.74","35,149","18,41,776",66.36,0.199,0.0019841276350466854,0.005358365781792694,279.133,281.4774
2025-08-21,NIFTYBEES,EQ,282.52,284.99,284.99,282.55,282.96,283.06,283.18,"26,67,789","75,54,60,560.92","30,039","18,16,706",68.1,0.191,0.0019095447649713534,0.005244105557374364,279.13500000000005,281.498
2025-08-22,NIFTYBEES,EQ,283.06,283.06,283.48,280.59,280.88,280.75,281.26,"37,05,971","1,04,23,40,876.44","44,776","26,19,577",70.69,-0.816,-0.00819429568714026,0.005443873340486468,279.07349999999997,281.5276
2025-08-25,NIFTYBEES,EQ,280.75,280.01,282.29,272.33,281.84,281.68,281.68,"20,44,353","57,58,56,632.54","36,174","12,19,317",59.64,0.331,0.003307081228244467,0.005227455724845631,279.1415,281.62980000000005
2025-08-26,NIFTYBEES,EQ,281.68,281.99,281.99,278.8,279.22,279.05,279.66,"47,53,080","1,32,92,57,079.33","52,490","30,80,699",64.81,-0.934,-0.009380697612354431,0.005517008877955078,279.1645,281.6492
2025-08-28,NIFTYBEES,EQ,279.05,279.79,279.79,276.65,277.1,276.93,277.36,"76,38,066","2,11,84,91,519.81","77,999","45,76,756",59.92,-0.76,-0.007626210564272802,0.005607396010546286,279.0835,281.6216
2025-08-29,NIFTYBEES,EQ,276.93,276.93,277.79,275.55,276.3,276.06,276.9,"42,33,350","1,17,22,24,258.40","41,673","33,19,318",78.41,-0.314,-0.0031465332747376436,0.005633649162995677,278.92150000000004,281.5886
2025-09-01,NIFTYBEES,EQ,276.06,276.89,278.25,275.68,278.24,278.18,277.57,"28,06,125","77,88,89,068.58","51,856","20,43,910",72.84,0.768,0.007650152783551794,0.005901965366254301,278.821,281.5772
2025-09-02,NIFTYBEES,EQ,278.18,277.62,279.5,277.0,277.5,277.68,278.44,"35,94,728","1,00,09,19,914.79","56,947","19,59,405",54.51,-0.18,-0.0017990146254533038,0.005706166589634103,278.83299999999997,281.5326
2025-09-03,NIFTYBEES,EQ,277.68,278.69,279.2,277.01,278.84,278.94,277.99,"46,62,312","1,29,60,98,698.07","43,289","25,95,908",55.68,0.454,0.0045273333770174074,0.0056666895563111655,278.8275,281.48879999999997
2025-09-04,NIFTYBEES,EQ,278.94,282.0,282.38,277.25,279.61,279.32,280.28,"39,47,984","1,10,65,39,392.36","36,675","20,65,127",52.31,0.136,0.001361373047286115,0.005640916889576283,278.942,281.4386
2025-09-05,NIFTYBEES,EQ,279.32,279.8,280.74,278.2,279.6,279.6,279.12,"37,25,303","1,03,98,06,133.43","38,606","15,33,456",41.16,0.1,0.0010019323818206674,0.005592126321052076,279.02049999999997,281.3584
2025-09-08,NIFTYBEES,EQ,279.6,281.2,281.2,279.45,280.24,279.99,280.24,"51,02,190","1,42,98,19,509.46","56,299","29,09,481",57.02,0.139,0.001393877886109833,0.005595064813875072,279.236,281.2576
2025-09-09,NIFTYBEES,EQ,279.99,280.84,281.99,279.76,280.72,280.54,280.49,"36,12,790","1,01,33,68,691.27","31,718","23,80,243",65.88,0.196,0.001962429045760359,0.005250863366855947,279.46950000000004,281.115
2025-09-10,NIFTYBEES,EQ,280.54,283.99,283.99,281.18,282.1,281.84,281.92,"50,57,073","1,42,57,13,644.34","40,568","27,73,182",54.84,0.463,0.004623216741456798,0.005079833412383296,279.762,281.011
2025-09-11,NIFTYBEES,EQ,281.84,281.9,282.77,281.14,282.68,282.53,282.27,"36,97,227","1,04,36,00,160.24","33,319","29,14,104",78.82,0.245,0.0024452056055218824,0.0050221463697867185,279.9935,280.9184
2025-09-12,NIFTYBEES,EQ,282.53,283.58,283.9,282.7,283.45,283.51,283.35,"45,40,757","1,28,66,35,036.11","34,375","30,20,897",66.53,0.347,0.0034626562758186467,0.004955376850214374,280.27,280.861
2025-09-15,NIFTYBEES,EQ,283.51,282.01,284.39,282.01,283.3,283.12,283.26,"41,23,724","1,16,80,93,760.77","48,904","29,60,528",71.79,-0.138,-0.0013765598771148615,0.004983262975412694,280.5215,280.7978
2025-09-16,NIFTYBEES,EQ,283.12,283.64,285.1,282.81,285.06,284.89,284.42,"45,40,948","1,29,15,52,100.11","29,364","33,04,626",72.77,0.625,0.006232304815533889,0.004665640365062534,280.66600000000005,280.7758
2025-09-17,NIFTYBEES,EQ,284.89,285.76,286.19,284.88,286.05,285.98,285.86,"38,38,093","1,09,71,72,273.03","30,701","24,04,900",62.66,0.383,0.0038187374519592955,0.004686345230682387,280.87649999999996,280.772
2025-09-18,NIFTYBEES,EQ,285.98,286.98,287.54,285.01,286.6,286.7,286.6,"42,22,056","1,21,00,41,703.95","29,488","29,20,845",69.18,0.252,0.002514494584622907,0.00469543918891006,281.09250000000003,280.7756
2025-09-19,NIFTYBEES,EQ,286.7,295.3,295.3,285.3,286.0,285.9,285.76,"37,26,008","1,06,47,61,133.62","38,306","25,02,126",67.15,-0.279,-0.0027942735610580233,0.004750953665211724,281.2215,280.7548
2025-09-22,NIFTYBEES,EQ,285.9,285.48,285.79,284.11,284.45,284.49,285.12,"30,43,743","86,78,34,743.21","45,691","19,44,350",63.88,-0.493,-0.00494399576452023,0.0044861377187859035,281.4145,280.74739999999997
2025-09-23,NIFTYBEES,EQ,284.49,285.39,285.39,283.01,284.55,284.35,284.14,"43,75,351","1,24,31,91,705.12","34,315","24,78,458",56.65,-0.049,-0.0004922298109370089,0.004448505300520928,281.5375,280.7572
2025-09-24,NIFTYBEES,EQ,284.35,282.01,284.81,282.01,282.95,282.88,283.22,"42,65,674","1,20,81,03,297.38","39,355","27,79,090",65.15,-0.517,-0.0051830943035301264,0.004039415483380033,281.7155,280.77459999999996
2025-09-25,NIFTYBEES,EQ,282.88,283.69,283.69,281.01,281.37,281.24,282.0,"30,36,126","85,61,96,754.44","39,339","18,69,299",61.57,-0.58,-0.00581438211831801,0.003859606187499481,281.9475,280.7434
2025-09-26,NIFTYBEES,EQ,281.24,281.69,281.69,278.49,278.89,278.74,279.37,"55,97,250","1,56,37,26,326.46","58,738","44,61,285",79.7,-0.889,-0.008928949639597018,0.004353573498090723,282.071,280.6632
2025-09-29,NIFTYBEES,EQ,278.74,279.99,280.25,278.19,279.26,278.54,279.11,"42,01,038","1,17,25,40,616.52","47,426","26,17,820",62.31,-0.072,-0.0007177720664175899,0.004017672304587684,282.148,280.57939999999996
2025-09-30,NIFTYBEES,EQ,278.54,279.99,279.99,277.25,277.9,277.52,277.95,"90,51,079","2,51,57,77,306.91","60,063","78,01,477",86.19,-0.366,-0.0036686729634517285,0.004084514090205774,282.1235,280.5066
2025-10-01,NIFTYBEES,EQ,277.52,276.66,280.63,270.58,280.6,280.51,279.39,"49,24,597","1,37,58,78,358.98","48,979","31,79,136",64.56,1.077,0.010716372289674274,0.004643995818427729,282.1935,280.4564
2025-10-03,NIFTYBEES,EQ,280.51,280.89,281.31,279.08,281.3,281.16,280.48,"48,67,050","1,36,51,08,768.08","51,365","32,56,039",66.9,0.232,0.002314527356536092,0.004660531634242181,282.2035,280.421
2025-10-06,NIFTYBEES,EQ,281.16,281.58,283.2,280.7,283.2,283.07,282.0,"55,11,685","1,55,42,75,916.74","87,994","34,88,410",63.29,0.679,0.006770314572930415,0.004877837678897602,282.3475,280.3982
2025-10-07,NIFTYBEES,EQ,283.07,283.49,284.5,282.64,283.67,283.41,283.78,"62,04,149","1,76,05,99,207.56","42,586","35,58,576",57.36,0.12,0.001200395568517536,0.004876406870072381,282.5245,280.42400000000004
2025-10-08,NIFTYBEES,EQ,283.41,283.75,284.18,282.01,282.48,282.38,283.01,"56,58,365","1,60,14,00,305.28","44,809","35,01,795",61.89,-0.363,-0.0036409308677737323,0.00495477328456733,282.6505,280.4778
2025-10-09,NIFTYBEES,EQ,282.38,282.88,284.24,282.24,284.0,284.05,283.47,"39,85,452","1,12,97,53,013.96","33,929","27,03,635",67.84,0.591,0.005896597421756889,0.005020631044353717,282.72799999999995,280.5632
2025-10-10,NIFTYBEES,EQ,284.05,284.78,285.95,282.01,285.59,285.52,285.45,"39,12,389","1,11,67,80,192.55","39,842","27,92,635",71.38,0.518,0.005161800178768873,0.005115005166307198,282.88700000000006,280.6926
2025-10-13,NIFTYBEES,EQ,285.52,285.15,285.15,283.69,284.9,284.64,284.32,"39,39,547","1,12,01,09,047.32","59,502","22,94,948",58.25,-0.308,-0.0030868552643798413,0.005126766982819062,282.9355,280.7762
2025-10-14,NIFTYBEES,EQ,284.64,286.39,286.39,282.92,283.7,283.69,284.0,"49,83,304","1,41,52,70,455.32","38,987","24,34,508",48.85,-0.334,-0.0033431312259010427,0.005177184571393983,282.97249999999997,280.8646
2025-10-15,NIFTYBEES,EQ,283.69,284.28,286.45,283.73,286.15,286.07,285.74,"56,44,935","1,61,29,59,328.57","37,510","33,70,323",59.71,0.839,0.008354443425305443,0.005328990588322752,283.0385,281.0154
2025-10-16,NIFTYBEES,EQ,286.07,277.49,289.0,277.49,288.51,288.7,287.9,"84,82,862","2,44,22,24,383.20","39,129","60,35,565",71.15,0.919,0.00915155055196003,0.005643377990255432,283.1405,281.21139999999997
2025-10-17,NIFTYBEES,EQ,288.7,288.69,290.95,287.86,290.23,290.17,289.79,"1,05,88,073","3,06,83,13,333.46","45,999","64,34,180",60.77,0.509,0.005078871456037676,0.005720795610439723,283.3,281.4474
2025-10-20,NIFTYBEES,EQ,290.17,292.49,292.54,289.01,292.0,291.86,291.68,"76,01,294","2,21,71,41,461.63","56,406","48,56,668",63.89,0.582,0.00580727711467282,0.005775135205102376,283.596,281.73
2025-10-21,NIFTYBEES,EQ,291.86,292.92,292.92,291.49,291.65,291.87,292.13,"18,18,933","53,13,58,518.02","31,657","12,90,061",70.95,0.003,3.426241584634686e-05,0.005608918008226615,283.9465,282.05400000000003
2025-10-23,NIFTYBEES,EQ,291.87,293.13,295.38,291.88,292.6,292.39,293.95,"83,27,299","2,44,78,08,186.37","54,887","59,73,633",71.74,0.178,0.0017800299089513205,0.005594113328100111,284.437,282.4166
2025-10-24,NIFTYBEES,EQ,292.39,294.99,294.99,290.14,291.2,291.04,291.47,"59,56,293","1,73,61,08,946.14","40,725","32,00,496",53.73,-0.462,-0.004627812794585027,0.0055610320428072894,284.8495,282.7246
2025-10-27,NIFTYBEES,EQ,291.04,294.18,294.33,290.01,293.3,293.35,293.26,"64,59,908","1,89,44,43,094.80","48,653","39,83,521",61.67,0.794,0.007905720602056724,0.005466840946504739,285.4125,283.03700000000003
2025-10-28,NIFTYBEES,EQ,293.35,294.99,294.99,292.0,293.15,293.1,292.98,"56,95,772","1,66,87,50,494.80","37,645","36,50,919",64.1,-0.085,-0.000852587655022143,0.0048749179430243395,286.09299999999996,283.3402
2025-10-29,NIFTYBEES,EQ,293.1,291.01,294.9,291.01,294.8,294.5,294.36,"58,29,864","1,71,60,97,255.85","35,901","41,43,701",71.08,0.478,0.004765155374794662,0.004837772983589725,286.8555,283.6628
2025-10-30,NIFTYBEES,EQ,294.5,294.99,294.99,291.91,292.75,292.58,292.88,"45,22,400","1,32,45,24,386.47","37,883","30,84,678",68.21,-0.652,-0.006540869541701407,0.005076215698279669,287.602,283.8898
2025-10-31,NIFTYBEES,EQ,292.58,295.0,295.0,290.9,291.17,291.08,291.73,"44,43,200","1,29,62,30,684.13","36,859","27,90,944",62.81,-0.513,-0.005139990071054363,0.004986255616795101,288.219,284.0914
2025-11-03,NIFTYBEES,EQ,291.08,292.79,292.79,290.05,291.3,291.35,291.14,"67,86,625","1,97,58,32,583.62","68,726","51,18,879",75.43,0.093,0.0009271501101977237,0.004989094547576213,288.752,284.2686
2025-11-04,NIFTYBEES,EQ,291.35,291.54,291.64,289.5,289.59,289.59,290.03,"52,83,417","1,53,23,62,832.69","58,990","40,27,505",76.23,-0.604,-0.006059164060449876,0.005136307736720184,289.1535,284.4056
2025-11-06,NIFTYBEES,EQ,289.59,290.4,290.4,287.98,288.45,288.24,288.8,"68,69,446","1,98,38,65,763.25","69,089","46,39,522",67.54,-0.466,-0.004672663088795482,0.005297932833973,289.4045,284.5564
2025-11-07,NIFTYBEES,EQ,288.24,288.24,289.16,286.35,288.7,288.44,287.57,"58,82,266","1,69,15,68,703.17","46,962","35,12,932",59.72,0.069,0.0006936256087208525,0.005192373811457063,289.6325,284.6742
2025-11-10,NIFTYBEES,EQ,288.44,289.89,290.3,288.13,289.77,289.49,289.59,"48,84,041","1,41,43,62,721.64","54,338","31,61,038",64.72,0.364,0.0036336620535567256,0.005105398322800984,289.93850000000003,284.8728
2025-11-11,NIFTYBEES,EQ,289.49,287.01,291.08,287.01,291.0,290.82,289.55,"38,12,506","1,10,39,08,971.92","34,371","20,18,848",52.95,0.459,0.004583764983224145,0.005081873478533355,290.1435,285.1166
2025-11-12,NIFTYBEES,EQ,290.82,292.29,293.1,291.55,292.75,292.72,292.52,"42,19,988","1,23,44,13,443.60","30,501","25,79,334",61.12,0.653,0.006512001625611779,0.005136552551666099,290.5535,285.42900000000003
2025-11-13,NIFTYBEES,EQ,292.72,293.21,293.75,291.75,293.0,292.39,292.93,"55,61,716","1,62,91,85,518.77","38,006","31,34,179",56.35,-0.113,-0.0011279931465542643,0.005052093426295423,291.0,285.7362
2025-11-14,NIFTYBEES,EQ,292.39,290.84,293.25,290.84,293.0,292.83,292.18,"47,17,609","1,37,83,87,718.07","34,568","25,34,170",53.72,0.15,0.0015037082905860815,0.004789026520804056,291.322,286.011
2025-11-17,NIFTYBEES,EQ,292.83,301.61,301.61,292.74,294.0,293.97,293.67,"46,15,578","1,35,54,41,932.63","45,324","33,75,414",73.13,0.389,0.0038854854608535157,0.0044604669127408176,291.61050000000006,286.32460000000003
2025-11-18,NIFTYBEES,EQ,293.97,294.89,294.89,292.5,292.95,292.97,293.17,"39,69,744","1,16,38,19,651.75","38,481","24,89,145",62.7,-0.34,-0.0034075066193872718,0.004446088285766359,291.7795,286.5824
2025-11-19,NIFTYBEES,EQ,292.97,292.97,294.55,292.4,294.4,294.37,293.61,"44,75,990","1,31,42,08,524.58","31,383","22,48,858",50.24,0.478,0.004767264791979401,0.004386182461930943,291.87600000000003,286.87219999999996
2025-11-20,NIFTYBEES,EQ,294.37,293.19,296.37,292.32,295.95,295.64,295.55,"75,04,990","2,21,80,63,840.20","40,864","60,69,960",80.88,0.431,0.004305018428257036,0.0044691705601595175,292.047,287.1784
2025-11-21,NIFTYBEES,EQ,295.64,295.89,295.89,294.1,294.33,294.32,294.82,"45,39,993","1,33,84,69,002.33","33,101","30,38,834",66.93,-0.446,-0.004474887120167115,0.004602194522342613,292.0905,287.465
2025-11-24,NIFTYBEES,EQ,294.32,295.12,295.44,292.72,293.19,293.3,294.33,"49,23,046","1,44,90,15,153.52","43,373","27,44,154",55.74,-0.347,-0.0034716348131135248,0.004543542523120368,292.2335,287.7132
2025-11-25,NIFTYBEES,EQ,293.3,294.22,294.28,292.25,292.8,292.68,293.27,"50,56,637","1,48,29,43,526.38","38,266","36,19,895",71.59,-0.211,-0.002116113967576168,0.004211135657747783,292.23400000000004,287.9332
2025-11-26,NIFTYBEES,EQ,292.68,293.99,296.2,291.91,296.17,296.01,295.38,"51,02,629","1,50,71,90,601.23","29,704","32,78,910",64.26,1.138,0.011313375521355662,0.0049182071548020375,292.354,288.1738
2025-11-27,NIFTYBEES,EQ,296.01,296.01,297.45,295.48,296.59,296.42,296.75,"59,85,585","1,77,62,27,557.16","36,116","40,16,111",67.1,0.139,0.001384129991584085,0.004820811577035251,292.47349999999994,288.4436
2025-11-28,NIFTYBEES,EQ,296.42,297.24,297.24,296.02,296.46,296.49,296.65,"37,89,563","1,12,41,86,091.87","31,289","29,18,771",77.02,0.024,0.00023612352743329246,0.004542991838766306,292.662,288.6882
2025-12-01,NIFTYBEES,EQ,296.49,297.28,298.15,295.66,296.29,296.1,296.55,"70,35,148","2,08,62,90,171.06","67,878","47,88,519",68.07,-0.132,-0.0013162559486566115,0.00436277653628954,292.903,288.902
2025-12-02,NIFTYBEES,EQ,296.1,296.18,296.99,294.01,294.96,294.66,294.98,"53,34,774","1,57,36,55,274.26","48,069","39,42,898",73.91,-0.486,-0.004875085828337386,0.004546759498549078,293.09499999999997,289.0696
2025-12-03,NIFTYBEES,EQ,294.66,294.88,294.99,292.92,294.15,293.8,293.42,"65,64,296","1,92,60,75,407.34","51,689","43,40,943",66.13,-0.292,-0.0029228855394312957,0.004356376976382648,293.2645,289.2228
2025-12-04,NIFTYBEES,EQ,293.8,294.24,294.98,293.11,294.53,294.37,294.14,"54,68,826","1,60,85,80,740.43","33,646","30,95,900",56.61,0.194,0.001938215748651926,0.0041724568724212496,293.5315,289.40319999999997
2025-12-05,NIFTYBEES,EQ,294.37,299.9,301.72,293.82,296.2,296.01,295.57,"58,45,131","1,72,76,35,949.56","39,543","34,17,699",58.47,0.557,0.005555758048756141,0.004290442053405062,293.9315,289.63179999999994
2025-12-08,NIFTYBEES,EQ,296.01,296.28,296.49,292.84,293.25,293.45,294.31,"71,01,555","2,09,00,28,899.81","79,898","52,58,585",74.05,-0.865,-0.008685970532841444,0.004792094935239487,294.1675,289.85360000000003
2025-12-09,NIFTYBEES,EQ,293.45,302.25,302.25,291.3,292.38,292.35,292.24,"70,15,783","2,05,03,02,125.65","63,160","45,33,108",64.61,-0.375,-0.003755552382663842,0.004797288649623936,294.302,290.0584
2025-12-10,NIFTYBEES,EQ,292.35,290.0,293.55,290.0,291.6,291.56,292.27,"58,28,665","1,70,35,45,333.83","45,029","42,79,115",73.42,-0.27,-0.002705898107667329,0.004604172233874054,294.2895,290.31640000000004
2025-12-11,NIFTYBEES,EQ,291.56,292.99,293.37,290.82,293.03,292.93,292.36,"41,74,292","1,22,03,97,558.85","34,507","28,16,977",67.48,0.47,0.0046878561101991595,0.004724468002197702,294.261,290.5814
2025-12-12,NIFTYBEES,EQ,292.93,293.4,294.9,293.08,294.85,294.69,294.36,"53,78,596","1,58,32,26,232.64","33,442","36,66,509",68.17,0.601,0.005990283730676425,0.004898331695120292,294.37,290.9096
2025-12-15,NIFTYBEES,EQ,294.69,294.99,294.99,293.01,294.6,294.54,294.05,"39,20,394","1,15,27,85,077.84","52,344","25,19,289",64.26,-0.051,-0.0005091390568717306,0.004827871695238115,294.389,291.20279999999997
2025-12-16,NIFTYBEES,EQ,294.54,294.28,294.3,292.5,292.65,292.66,293.09,"46,67,150","1,36,78,95,744.84","47,512","37,65,457",80.68,-0.638,-0.006403291633735665,0.004986197661715861,294.38500000000005,291.455
2025-12-17,NIFTYBEES,EQ,292.66,292.66,293.29,290.8,291.85,291.71,291.78,"1,01,15,469","2,95,15,31,123.32","50,372","74,00,122",73.16,-0.325,-0.0032513675818460863,0.004899849115806379,294.2935,291.6506
2025-12-18,NIFTYBEES,EQ,291.71,284.5,292.83,284.5,291.96,291.84,291.82,"38,81,769","1,13,27,88,256.91","36,972","25,55,166",65.82,0.045,0.00044554880353206845,0.004777023384753532,294.10699999999997,291.8114
2025-12-19,NIFTYBEES,EQ,291.84,293.84,293.84,292.28,293.45,293.44,293.31,"30,02,632","88,07,14,719.40","26,235","20,39,878",67.94,0.548,0.0054674821821336156,0.0048740318480435555,294.0315,292.01739999999995
2025-12-22,NIFTYBEES,EQ,293.44,295.25,295.73,293.85,295.68,295.69,295.35,"90,92,048","2,68,53,55,019.10","48,821","63,16,916",69.48,0.767,0.007638419159644664,0.005103228572394832,294.0825,292.255
2025-12-23,NIFTYBEES,EQ,295.69,296.98,296.98,295.27,295.65,295.68,295.82,"37,47,050","1,10,84,63,035.41","29,540","25,25,600",67.4,-0.003,-3.381977442531902e-05,0.005070203930230902,294.21,292.4624
2025-12-24,NIFTYBEES,EQ,295.68,295.68,296.38,294.76,295.54,295.5,295.76,"32,52,373","96,19,16,173.44","28,481","23,08,765",70.99,-0.061,-0.0006089516071664828,0.004388153631955087,294.229,292.6912
2025-12-26,NIFTYBEES,EQ,295.5,296.99,296.99,294.2,294.45,294.46,294.57,"35,02,261","1,03,16,49,615.19","47,520","22,69,850",64.81,-0.352,-0.0035256664088905193,0.004438613526903845,294.12,292.9026
2025-12-29,NIFTYBEES,EQ,294.46,294.46,295.28,292.76,293.36,293.15,293.64,"57,96,571","1,70,20,87,615.84","63,779","38,13,739",65.79,-0.445,-0.004458747027038418,0.004530205185198968,293.9695,293.0606
2025-12-30,NIFTYBEES,EQ,293.15,293.54,293.58,291.95,293.5,293.32,292.44,"80,60,541","2,35,72,23,405.18","40,093","55,66,649",69.06,0.058,0.0005797398153746398,0.004533525619676983,293.764,293.15139999999997
2025-12-31,NIFTYBEES,EQ,293.32,294.08,295.7,293.06,295.28,295.31,294.76,"56,77,730","1,67,35,74,946.37","30,486","36,35,498",64.03,0.678,0.006761488818164126,0.004682902139870191,293.75300000000004,293.25079999999997
2026-01-01,NIFTYBEES,EQ,295.31,296.19,296.19,294.91,295.37,295.33,295.47,"36,47,078","1,07,76,13,900.38","48,225","22,82,146",62.57,0.007,6.772314779778513e-05,0.004628385160367769,293.8555,293.3266
2026-01-02,NIFTYBEES,EQ,295.33,294.91,297.99,294.91,297.99,297.55,297.08,"69,59,353","2,06,74,57,488.09","48,926","48,76,520",70.07,0.752,0.007488902899300536,0.004893176913593181,294.00249999999994,293.42560000000003
2026-01-05,NIFTYBEES,EQ,297.55,297.55,298.0,296.02,296.4,296.41,297.15,"83,11,788","2,46,98,30,852.94","81,220","56,11,798",67.52,-0.383,-0.003838647046416308,0.004836650353599262,294.0815,293.4896
2026-01-06,NIFTYBEES,EQ,296.41,297.79,297.79,295.28,296.19,296.02,296.21,"67,89,022","2,01,10,08,314.55","90,436","48,07,490",70.81,-0.132,-0.0013166114354022482,0.004395257022888557,294.1765,293.58439999999996
2026-01-07,NIFTYBEES,EQ,296.02,296.14,296.23,295.0,295.75,295.72,295.5,"38,07,973","1,12,52,49,638.79","44,812","26,81,514",70.42,-0.101,-0.001013958920143237,0.004299356881106923,294.3395,293.62919999999997
2026-01-08,NIFTYBEES,EQ,295.72,295.72,295.98,292.61,292.95,292.93,293.82,"61,94,291","1,82,00,18,125.93","72,853","50,05,283",80.8,-0.943,-0.009479388064687915,0.004807949331336646,294.41700000000003,293.64599999999996
2026-01-09,NIFTYBEES,EQ,292.93,291.01,293.89,290.0,291.15,290.59,291.41,"84,42,130","2,46,01,60,957.60","85,619","64,58,740",76.51,-0.799,-0.008020333642405283,0.005023332023067838,294.36949999999996,293.587
2026-01-12,NIFTYBEES,EQ,290.59,291.99,292.09,288.4,292.05,291.87,290.13,"90,96,409","2,63,91,21,081.13","92,987","62,04,445",68.21,0.44,0.004395158673639937,0.004928279210438705,294.158,293.532
2026-01-13,NIFTYBEES,EQ,291.87,293.48,293.48,289.9,291.24,291.13,291.04,"53,65,914","1,56,16,69,594.76","62,064","33,86,354",63.11,-0.254,-0.0025385948453124038,0.004949740425850887,294.0075,293.5182
2026-01-14,NIFTYBEES,EQ,291.13,291.13,291.99,289.9,291.1,290.66,291.05,"55,77,083","1,62,31,88,399.36","46,864","39,94,844",71.63,-0.161,-0.001615703612109098,0.004765755505117101,293.90549999999996,293.5164
2026-01-16,NIFTYBEES,EQ,290.66,291.89,292.9,290.28,290.9,291.04,291.84,"60,31,692","1,76,02,91,443.95","57,130","42,93,735",71.19,0.131,0.0013065155717876314,0.004728182310579225,293.9085,293.55260000000004
2026-01-19,NIFTYBEES,EQ,291.04,290.98,291.15,288.81,289.34,289.63,289.37,"74,09,667","2,14,41,68,323.19","75,134","52,12,119",70.34,-0.484,-0.004856468463223602,0.004842359610267088,293.786,293.56399999999996
2026-01-20,NIFTYBEES,EQ,289.63,290.89,290.89,285.6,287.0,286.28,287.59,"93,66,361","2,69,36,58,798.34","1,13,175","73,92,959",78.93,-1.157,-0.011633893436191903,0.005248319052786323,293.5,293.5644
2026-01-21,NIFTYBEES,EQ,286.28,285.0,287.49,282.4,286.0,284.95,284.66,"1,21,56,217","3,46,04,28,471.03","1,02,892","76,47,534",62.91,-0.465,-0.004656626589388134,0.004859934323981328,292.9655,293.4658
2026-01-22,NIFTYBEES,EQ,284.95,287.89,288.09,285.1,287.03,286.61,286.54,"75,25,121","2,15,62,57,006.06","53,463","52,66,090",69.98,0.583,0.005808680339667664,0.005142235675557073,292.50149999999996,293.4056
2026-01-23,NIFTYBEES,EQ,286.61,288.07,288.07,283.65,284.0,283.91,285.19,"83,46,651","2,38,03,62,441.57","75,733","64,48,839",77.26,-0.942,-0.00946512009178306,0.005429517407680618,291.973,293.259
2026-01-27,NIFTYBEES,EQ,283.91,284.0,285.99,282.4,285.89,285.22,284.04,"82,92,101","2,35,53,25,248.13","87,489","50,29,139",60.65,0.461,0.004603525779727843,0.005610599096686525,291.44649999999996,293.08119999999997
2026-01-28,NIFTYBEES,EQ,285.22,286.99,286.99,285.22,286.74,286.61,286.1,"68,35,320","1,95,56,08,712.81","48,666","43,98,536",64.35,0.487,0.004861594312055128,0.005745590090928281,291.0695,292.95959999999997
2026-01-29,NIFTYBEES,EQ,286.61,287.99,287.99,284.29,287.49,287.37,285.97,"94,64,480","2,70,65,16,804.19","56,285","51,68,913",54.61,0.265,0.002648177442233825,0.005796341589468489,290.746,292.80559999999997
2026-01-30,NIFTYBEES,EQ,287.37,286.44,287.37,285.01,286.75,286.73,286.41,"70,40,728","2,01,65,07,958.98","56,615","47,95,495",68.11,-0.223,-0.00222957765239804,0.005501862598597642,290.32849999999996,292.67040000000003
